Rk,G,Date,Age,Tm, ,Opp, ,GS,MP,FG,FGA,FG%,TPM,TPA,3P%,FT,FTA,FT%,ORB,DRB,TRB,AST,STL,BLK,TOV,PF,PTS,GmSc,+/-
1,,2014-10-29,19-233,MIN,@,MEM,L (-4),Did Not Play,,,,,,,,,,,,,,,,,,,,,
2,1,2014-10-30,19-234,MIN,,DET,W (+6),0,4:34,0,0,,0,0,,0,0,,0,0,0,0,0,0,0,0,0,0.0,-3
3,,2014-11-01,19-236,MIN,,CHI,L (-1),Did Not Play,,,,,,,,,,,,,,,,,,,,,
4,,2014-11-05,19-240,MIN,@,BRK,W (+7),Did Not Play,,,,,,,,,,,,,,,,,,,,,
5,2,2014-11-07,19-242,MIN,@,ORL,L (-9),0,8:22,1,2,.500,0,0,,2,2,1.000,0,0,0,2,1,1,0,2,4,5.3,-5
6,3,2014-11-08,19-243,MIN,@,MIA,L (-10),1,25:45,2,5,.400,1,2,.500,0,0,,0,6,6,4,1,0,2,1,5,5.5,-10
7,4,2014-11-12,19-247,MIN,,HOU,L (-12),1,34:26,2,9,.222,0,2,.000,4,4,1.000,0,3,3,9,0,0,3,4,8,5.1,-5
8,5,2014-11-14,19-249,MIN,@,NOP,L (-48),1,31:03,5,12,.417,0,1,.000,3,3,1.000,1,3,4,0,0,0,3,3,13,4.0,-29
9,6,2014-11-15,19-250,MIN,@,DAL,L (-14),1,18:36,2,6,.333,0,3,.000,0,1,.000,0,2,2,1,0,1,5,5,4,-4.8,-6
10,7,2014-11-19,19-254,MIN,,NYK,W (+16),0,16:36,1,5,.200,0,2,.000,0,0,,0,1,1,2,0,0,0,1,2,0.2,-13
11,8,2014-11-21,19-256,MIN,,SAS,L (-29),0,19:46,3,8,.375,1,3,.333,0,0,,0,2,2,3,2,0,3,0,7,4.3,-16
12,9,2014-11-22,19-257,MIN,,SAC,L (-12),0,13:01,1,4,.250,1,1,1.000,2,2,1.000,0,2,2,0,1,0,0,3,5,3.0,-4
13,10,2014-11-26,19-261,MIN,,MIL,L (-17),1,36:33,5,12,.417,0,2,.000,2,3,.667,1,2,3,4,2,0,3,5,12,6.3,-14
14,11,2014-11-28,19-263,MIN,@,LAL,W (+1),0,25:30,11,14,.786,2,2,1.000,4,4,1.000,0,1,1,5,0,0,3,0,28,23.4,+14
15,12,2014-11-30,19-265,MIN,@,POR,L (-14),0,10:48,0,3,.000,0,0,,0,0,,0,0,0,0,1,0,2,2,0,-3.9,-15
16,13,2014-12-01,19-266,MIN,@,LAC,L (-26),0,24:01,4,11,.364,0,2,.000,2,2,1.000,0,2,2,1,0,0,1,2,10,3.4,-10
17,14,2014-12-03,19-268,MIN,,PHI,L (-8),0,14:47,3,6,.500,0,2,.000,0,0,,0,1,1,0,0,0,1,3,6,1.1,-10
18,15,2014-12-05,19-270,MIN,,HOU,L (-2),1,34:55,6,12,.500,1,2,.500,4,5,.800,0,6,6,4,0,0,2,4,17,11.6,+3
19,16,2014-12-06,19-271,MIN,@,SAS,L (-22),1,42:28,8,15,.533,2,4,.500,4,5,.800,0,3,3,10,2,0,2,4,22,20.6,-20
20,17,2014-12-08,19-273,MIN,,GSW,L (-16),1,41:08,4,16,.250,0,2,.000,1,2,.500,1,3,4,8,3,0,6,1,9,2.8,-11
21,18,2014-12-10,19-275,MIN,,POR,W (+8),1,35:33,4,9,.444,0,2,.000,2,2,1.000,0,4,4,5,0,0,5,2,10,4.2,+4
22,19,2014-12-12,19-277,MIN,,OKC,L (-19),1,32:13,3,11,.273,1,4,.250,4,6,.667,0,2,2,1,1,2,2,3,11,4.2,-27
23,20,2014-12-14,19-279,MIN,,LAL,L (-6),1,38:58,4,15,.267,0,3,.000,2,2,1.000,0,5,5,6,0,0,4,2,10,2.0,-3
24,21,2014-12-16,19-281,MIN,@,WAS,L (-14),1,33:45,3,9,.333,1,1,1.000,1,2,.500,0,3,3,8,0,0,4,2,8,4.2,-6
25,22,2014-12-19,19-284,MIN,@,BOS,L (-16),1,23:26,3,7,.429,1,2,.500,0,0,,1,1,2,3,3,0,3,1,7,6.0,-3
26,23,2014-12-21,19-286,MIN,,IND,L (-4),1,16:06,2,6,.333,1,1,1.000,4,4,1.000,0,1,1,2,1,0,0,2,9,7.5,0
27,24,2014-12-23,19-288,MIN,@,CLE,L (-21),1,26:02,3,6,.500,0,1,.000,0,1,.000,0,1,1,6,4,0,3,4,6,6.5,-8
28,25,2014-12-26,19-291,MIN,@,DEN,L (-4),1,19:18,4,7,.571,0,1,.000,0,0,,0,2,2,3,0,0,0,1,8,7.0,-16
29,26,2014-12-27,19-292,MIN,@,GSW,L (-13),1,31:22,4,12,.333,0,2,.000,4,5,.800,0,4,4,14,1,0,5,3,12,10.6,-3
30,27,2014-12-30,19-295,MIN,@,UTA,L (-6),1,25:21,4,7,.571,0,1,.000,0,0,,0,3,3,4,0,0,3,1,8,5.0,0
31,28,2015-01-01,19-297,MIN,,SAC,L (-3),1,20:43,3,5,.600,0,0,,0,0,,0,2,2,3,4,0,3,1,6,7.0,-16
32,29,2015-01-03,19-299,MIN,,UTA,L (-12),1,23:37,3,6,.500,0,0,,2,2,1.000,1,1,2,2,1,1,3,1,8,5.7,-8
33,30,2015-01-05,19-301,MIN,,DEN,L (-9),0,25:57,2,9,.222,0,2,.000,1,2,.500,0,1,1,1,0,0,0,2,5,-0.7,-26
34,31,2015-01-07,19-303,MIN,,PHO,L (-2),0,12:38,2,4,.500,0,1,.000,2,2,1.000,0,1,1,2,0,0,4,1,6,1.3,-9
35,32,2015-01-09,19-305,MIN,@,MIL,L (-14),1,27:00,2,8,.250,1,3,.333,1,1,1.000,0,6,6,4,1,0,4,1,6,2.4,-7
36,33,2015-01-10,19-306,MIN,,SAS,L (-15),0,26:13,7,14,.500,1,3,.333,4,4,1.000,0,0,0,4,1,0,3,3,19,11.6,-11
37,34,2015-01-13,19-309,MIN,@,IND,W (+9),0,4:12,0,0,,0,0,,0,0,,0,0,0,0,0,0,1,2,0,-1.8,-5
38,35,2015-01-16,19-312,MIN,@,PHO,L (-11),0,11:26,2,5,.400,0,0,,0,0,,1,1,2,1,0,0,0,0,4,3.0,-2
39,36,2015-01-17,19-313,MIN,@,DEN,W (+8),0,11:43,3,4,.750,1,1,1.000,0,0,,1,0,1,3,1,0,3,3,7,5.0,-1
40,37,2015-01-19,19-315,MIN,@,CHO,L (-25),0,22:40,4,9,.444,0,2,.000,1,3,.333,0,1,1,3,1,1,2,1,9,5.2,-10
41,38,2015-01-21,19-317,MIN,,DAL,L (-23),0,21:27,1,3,.333,0,1,.000,0,0,,0,1,1,5,0,0,1,3,2,1.9,-7
42,39,2015-01-23,19-319,MIN,,NOP,L (-8),0,13:36,1,5,.200,1,1,1.000,0,0,,0,0,0,4,0,0,0,0,3,2.7,0
43,40,2015-01-25,19-321,MIN,@,ATL,L (-12),0,7:08,1,1,1.000,0,0,,0,0,,0,0,0,1,0,0,1,3,2,0.2,-10
44,41,2015-01-26,19-322,MIN,@,OKC,L (-8),0,22:30,3,9,.333,1,2,.500,4,5,.800,1,4,5,1,0,0,1,4,11,5.5,-14
45,42,2015-01-28,19-324,MIN,,BOS,W (+12),1,23:55,7,9,.778,1,1,1.000,2,2,1.000,1,3,4,6,3,0,4,2,17,17.5,+3
46,43,2015-01-30,19-326,MIN,@,PHI,L (-9),1,24:31,2,4,.500,1,1,1.000,0,0,,0,3,3,3,1,0,2,3,5,3.8,+6
47,,2015-01-31,19-327,MIN,,CLE,L (-16),Did Not Dress,,,,,,,,,,,,,,,,,,,,,
48,,2015-02-02,19-329,MIN,@,DAL,L (-6),Did Not Dress,,,,,,,,,,,,,,,,,,,,,
49,44,2015-02-04,19-331,MIN,,MIA,W (+1),0,8:00,0,2,.000,0,0,,0,0,,0,0,0,0,0,0,0,1,0,-1.8,0
50,45,2015-02-06,19-333,MIN,,MEM,W (+1),0,8:07,0,5,.000,0,1,.000,0,0,,0,1,1,0,0,0,0,0,0,-3.2,+3
51,46,2015-02-08,19-335,MIN,@,DET,W (+11),0,18:22,5,6,.833,0,0,,0,0,,1,2,3,3,0,0,2,1,10,8.8,-5
52,47,2015-02-09,19-336,MIN,,ATL,L (-12),0,6:05,2,2,1.000,0,0,,0,0,,0,0,0,1,0,0,1,0,4,3.1,+5
53,48,2015-02-11,19-338,MIN,,GSW,L (-3),0,16:18,0,4,.000,0,0,,1,2,.500,1,1,2,2,0,0,1,1,1,-1.2,-9
54,49,2015-02-20,19-347,MIN,,PHO,W (+2),0,10:56,2,4,.500,0,0,,2,3,.667,1,0,1,3,2,0,2,4,6,4.8,-12
55,50,2015-02-23,19-350,MIN,@,HOU,L (-11),0,14:04,1,4,.250,0,2,.000,0,0,,0,3,3,1,0,0,0,1,2,0.8,-15
56,51,2015-02-25,19-352,MIN,,WAS,W (+20),0,17:49,2,5,.400,1,2,.500,2,2,1.000,0,2,2,2,0,0,1,3,7,4.1,+6
57,52,2015-02-27,19-354,MIN,@,CHI,L (-7),0,9:45,3,5,.600,1,1,1.000,2,2,1.000,1,5,6,2,1,1,1,1,9,10.6,+4
58,53,2015-02-28,19-355,MIN,,MEM,L (-4),0,10:00,3,6,.500,0,1,.000,0,0,,0,1,1,0,1,0,1,1,6,2.9,-7
59,54,2015-03-02,19-357,MIN,,LAC,L (-5),0,22:26,5,9,.556,1,3,.333,3,4,.750,0,3,3,4,0,0,3,3,14,8.8,+3
60,55,2015-03-04,19-359,MIN,,DEN,L (-15),0,9:57,1,4,.250,1,3,.333,0,0,,1,1,2,1,0,0,2,2,3,-0.5,-8
61,56,2015-03-07,19-362,MIN,,POR,W (+8),0,12:28,3,6,.500,0,1,.000,2,2,1.000,0,0,0,0,1,0,2,0,8,4.0,-7
62,57,2015-03-09,19-364,MIN,@,LAC,L (-13),0,13:56,1,5,.200,1,2,.500,0,0,,0,1,1,3,1,0,4,2,3,-1.5,+6
63,58,2015-03-11,20-001,MIN,@,PHO,L (-9),0,20:30,2,8,.250,0,1,.000,4,4,1.000,1,0,1,3,1,0,1,0,8,6.0,+9
64,59,2015-03-13,20-003,MIN,@,OKC,L (-14),0,25:48,2,5,.400,1,2,.500,4,4,1.000,0,4,4,7,0,0,4,3,9,7.2,-6
65,60,2015-03-15,20-005,MIN,@,SAS,L (-26),1,42:14,7,13,.538,3,4,.750,1,2,.500,1,5,6,6,0,0,5,1,18,12.3,-24
66,61,2015-03-16,20-006,MIN,,BRK,L (-16),1,30:30,8,15,.533,4,6,.667,0,0,,0,2,2,3,1,0,6,2,20,9.6,-23
67,62,2015-03-18,20-008,MIN,@,TOR,L (-5),0,19:55,2,6,.333,0,1,.000,1,2,.500,2,2,4,1,0,0,2,2,5,1.1,+3
68,63,2015-03-19,20-009,MIN,@,NYK,W (+3),1,36:35,7,13,.538,1,3,.333,5,5,1.000,1,6,7,4,1,1,4,1,20,16.3,0
69,64,2015-03-22,20-012,MIN,,CHO,L (-11),1,30:50,5,12,.417,1,3,.333,0,0,,0,2,2,5,1,0,4,3,11,4.5,-7
70,65,2015-03-23,20-013,MIN,@,UTA,W (+2),1,45:49,7,19,.368,5,6,.833,8,10,.800,0,3,3,4,0,0,7,3,27,11.2,-3
71,66,2015-03-25,20-015,MIN,,LAL,L (-2),1,47:41,5,18,.278,1,5,.200,7,8,.875,1,5,6,5,0,0,4,2,18,7.9,-3
72,67,2015-03-27,20-017,MIN,@,HOU,L (-10),1,42:05,2,8,.250,2,3,.667,5,5,1.000,0,3,3,8,0,0,5,2,11,6.9,+2
73,68,2015-03-29,20-019,MIN,@,NOP,L (-22),1,37:31,6,16,.375,1,5,.200,4,5,.800,1,3,4,1,1,0,6,2,17,4.3,-22
74,69,2015-03-30,20-020,MIN,,UTA,L (-20),1,43:26,7,19,.368,1,6,.167,6,7,.857,2,3,5,6,1,1,2,4,21,14.7,-11
75,70,2015-04-01,20-022,MIN,,TOR,L (-14),1,36:17,10,17,.588,1,4,.250,1,1,1.000,0,7,7,3,0,0,7,2,22,10.5,-1
76,71,2015-04-03,20-024,MIN,,ORL,L (-13),1,39:35,5,14,.357,0,4,.000,0,1,.000,1,4,5,5,0,0,3,2,10,3.4,-12
77,72,2015-04-07,20-028,MIN,@,SAC,L (-5),1,40:32,9,18,.500,1,5,.200,2,4,.500,1,4,5,11,1,0,2,4,21,18.2,+4
78,73,2015-04-08,20-029,MIN,@,POR,L (-25),1,38:05,6,12,.500,0,1,.000,6,7,.857,1,4,5,6,2,0,4,2,18,14.9,-21
79,74,2015-04-10,20-031,MIN,@,LAL,L (-8),1,32:00,6,12,.500,2,5,.400,4,4,1.000,0,5,5,4,0,0,2,1,18,13.9,-18
80,75,2015-04-11,20-032,MIN,@,GSW,L (-9),1,44:45,13,21,.619,6,10,.600,5,5,1.000,1,8,9,4,0,0,3,4,37,28.8,-12
81,76,2015-04-13,20-034,MIN,,NOP,L (-12),1,45:03,8,24,.333,2,6,.333,6,6,1.000,0,5,5,7,0,0,3,5,24,11.8,-11
82,77,2015-04-15,20-036,MIN,,OKC,L (-25),1,40:41,6,16,.375,1,5,.200,6,6,1.000,0,5,5,13,3,1,2,2,19,21.7,-16
1,1,2015-10-28,20-232,MIN,@,LAL,W (+1),0,19:56,4,10,.400,0,2,.000,0,0,,1,2,3,3,1,0,0,0,8,7.0,-4
2,2,2015-10-30,20-234,MIN,@,DEN,W (+17),0,17:36,3,6,.500,0,1,.000,4,4,1.000,0,4,4,3,0,0,4,3,10,5.1,-4
3,3,2015-11-02,20-237,MIN,,POR,L (-5),0,16:01,3,7,.429,0,1,.000,4,4,1.000,0,0,0,5,0,0,2,1,10,7.4,-8
4,4,2015-11-05,20-240,MIN,,MIA,L (-12),0,20:11,1,5,.200,1,1,1.000,0,0,,0,2,2,3,0,0,3,3,3,-1.6,-4
5,5,2015-11-07,20-242,MIN,@,CHI,W (+9),0,19:18,3,9,.333,1,3,.333,1,1,1.000,1,3,4,4,0,0,3,3,8,3.1,+7
6,6,2015-11-09,20-244,MIN,@,ATL,W (+10),0,15:53,5,7,.714,1,1,1.000,2,2,1.000,1,2,3,6,3,0,1,2,13,16.8,+9
7,7,2015-11-10,20-245,MIN,,CHO,L (-9),1,36:34,9,19,.474,1,4,.250,1,2,.500,1,4,5,8,2,0,8,2,20,10.6,+13
8,8,2015-11-12,20-247,MIN,,GSW,L (-13),1,25:32,3,11,.273,0,2,.000,7,8,.875,1,1,2,1,1,0,2,2,13,6.0,-22
9,9,2015-11-13,20-248,MIN,@,IND,L (-4),1,40:05,11,22,.500,4,7,.571,0,0,,1,5,6,4,1,0,2,1,26,18.6,0
10,10,2015-11-15,20-250,MIN,,MEM,L (-8),1,17:29,8,15,.533,4,7,.571,5,6,.833,1,2,3,3,0,0,1,5,25,17.7,+2
11,11,2015-11-17,20-252,MIN,@,MIA,W (+12),0,28:29,5,12,.417,2,5,.400,5,6,.833,0,4,4,3,1,0,0,0,17,14.5,+23
12,12,2015-11-18,20-253,MIN,@,ORL,L (-3),0,29:50,6,12,.500,2,5,.400,0,0,,0,3,3,3,0,0,3,4,14,6.4,0
13,13,2015-11-20,20-255,MIN,,DET,L (-10),0,26:11,6,13,.462,2,5,.400,0,0,,1,2,3,2,0,1,2,2,14,7.9,-4
14,14,2015-11-23,20-258,MIN,,PHI,W (+5),0,24:52,4,12,.333,0,3,.000,4,4,1.000,0,5,5,0,0,0,3,2,12,2.9,-6
15,15,2015-11-25,20-260,MIN,,ATL,W (+4),0,26:53,7,13,.538,2,5,.400,2,2,1.000,1,4,5,6,0,0,2,4,18,14.2,+1
16,16,2015-11-27,20-262,MIN,@,SAC,W (+10),1,29:14,7,14,.500,1,6,.167,4,4,1.000,1,7,8,4,0,0,2,2,19,14.8,-2
17,17,2015-11-29,20-264,MIN,@,LAC,L (-8),1,32:30,6,15,.400,3,5,.600,3,3,1.000,0,3,3,7,0,0,1,5,18,12.7,0
18,18,2015-12-01,20-266,MIN,,ORL,L (-3),0,28:30,3,11,.273,0,5,.000,6,6,1.000,1,4,5,5,1,1,2,1,12,10.2,+3
19,19,2015-12-05,20-270,MIN,,POR,L (-6),0,22:45,4,14,.286,2,5,.400,2,2,1.000,1,0,1,2,1,0,1,4,12,4.3,0
20,20,2015-12-07,20-272,MIN,,LAC,L (-4),0,25:21,7,16,.438,1,2,.500,6,6,1.000,0,3,3,2,1,0,2,2,21,13.1,-4
21,21,2015-12-09,20-274,MIN,,LAL,W (+1),0,19:49,2,8,.250,0,2,.000,0,2,.000,0,2,2,2,0,0,2,1,4,-2.0,-19
22,22,2015-12-11,20-276,MIN,@,DEN,L (-3),0,24:54,4,11,.364,1,4,.250,3,4,.750,1,4,5,5,0,0,2,0,12,8.9,+3
23,23,2015-12-13,20-278,MIN,@,PHO,L (-7),0,25:33,10,19,.526,3,4,.750,5,5,1.000,0,2,2,2,1,0,2,4,28,18.1,-2
24,24,2015-12-15,20-280,MIN,,DEN,L (-12),0,24:35,8,18,.444,1,3,.333,3,4,.750,1,3,4,5,1,1,2,1,20,14.6,-7
25,25,2015-12-16,20-281,MIN,@,NYK,L (-5),0,29:07,9,20,.450,1,5,.200,0,0,,0,2,2,2,0,0,1,3,19,8.4,+3
26,26,2015-12-18,20-283,MIN,,SAC,W (+4),0,17:48,4,11,.364,0,4,.000,0,0,,1,1,2,0,0,0,4,2,8,-1.9,-5
27,27,2015-12-20,20-285,MIN,@,BRK,W (+15),0,22:24,4,10,.400,0,2,.000,2,2,1.000,1,3,4,4,0,0,1,1,10,7.6,-7
28,28,2015-12-21,20-286,MIN,@,BOS,L (-14),0,25:48,7,12,.583,0,2,.000,3,5,.600,0,3,3,2,1,0,1,1,17,12.5,-13
29,29,2015-12-23,20-288,MIN,,SAS,L (-25),0,24:19,7,13,.538,1,1,1.000,2,4,.500,1,1,2,4,2,0,3,2,17,11.9,-10
30,30,2015-12-26,20-291,MIN,,IND,L (-14),0,26:18,3,10,.300,1,3,.333,2,2,1.000,0,0,0,4,1,0,1,0,9,6.0,-20
31,31,2015-12-28,20-293,MIN,@,SAS,L (-6),0,24:41,5,14,.357,0,4,.000,5,5,1.000,0,0,0,2,0,0,1,1,15,7.2,-9
32,32,2015-12-30,20-295,MIN,,UTA,W (+14),0,11:37,1,6,.167,0,0,,0,0,,1,2,3,0,0,0,1,3,2,-2.7,+4
33,33,2015-12-31,20-296,MIN,@,DET,L (-25),0,24:48,1,8,.125,0,1,.000,2,4,.500,0,4,4,2,0,0,2,5,4,-3.4,-22
34,34,2016-01-02,20-298,MIN,,MIL,L (-10),0,21:09,3,9,.333,0,3,.000,0,0,,0,3,3,1,0,0,2,4,6,-1.1,-17
35,35,2016-01-04,20-300,MIN,@,PHI,L (-10),0,17:57,2,8,.250,0,0,,1,2,.500,0,1,1,2,2,0,2,2,5,0.7,+2
36,36,2016-01-06,20-302,MIN,,DEN,L (-4),0,16:49,1,5,.200,0,1,.000,0,0,,0,0,0,4,1,0,1,2,2,0.9,-9
37,37,2016-01-08,20-304,MIN,,CLE,L (-26),0,22:15,1,6,.167,0,0,,0,0,,0,4,4,2,0,0,2,2,2,-2.0,-14
38,38,2016-01-10,20-306,MIN,,DAL,L (-6),0,8:22,0,2,.000,0,0,,0,0,,0,1,1,1,0,0,1,0,0,-1.4,-5
39,39,2016-01-12,20-308,MIN,,OKC,L (-5),0,26:35,7,12,.583,3,4,.750,4,6,.667,0,9,9,4,0,0,3,3,21,15.9,+6
40,40,2016-01-13,20-309,MIN,@,HOU,L (-3),0,15:20,1,6,.167,0,1,.000,0,0,,0,2,2,4,0,0,2,2,2,-1.2,-17
41,41,2016-01-15,20-311,MIN,@,OKC,L (-20),0,24:20,5,9,.556,1,1,1.000,2,3,.667,1,5,6,0,0,0,2,2,13,7.7,-3
42,42,2016-01-17,20-313,MIN,,PHO,W (+30),0,23:37,3,6,.500,2,4,.500,3,4,.750,1,2,3,3,4,0,0,2,11,14.2,+20
43,43,2016-01-19,20-315,MIN,@,NOP,L (-15),0,18:01,2,5,.400,0,0,,0,0,,0,1,1,4,1,1,1,5,4,3.1,-14
44,44,2016-01-20,20-316,MIN,@,DAL,L (-12),0,17:21,2,4,.500,0,2,.000,0,0,,0,1,1,4,0,0,2,1,4,2.7,+6
45,45,2016-01-23,20-319,MIN,,MEM,W (+5),0,19:11,1,3,.333,1,1,1.000,2,2,1.000,0,2,2,4,3,1,3,4,5,5.8,-4
46,46,2016-01-25,20-321,MIN,@,CLE,L (-7),0,30:11,8,15,.533,2,7,.286,3,3,1.000,0,4,4,6,1,0,1,3,21,17.9,-8
47,47,2016-01-27,20-323,MIN,,OKC,L (-3),0,29:26,14,17,.824,5,8,.625,2,5,.400,0,2,2,1,1,0,0,5,35,27.8,-4
48,48,2016-01-29,20-325,MIN,@,UTA,L (-13),0,31:25,9,12,.750,0,0,,1,2,.500,0,1,1,3,0,0,3,4,19,11.6,-14
49,49,2016-01-31,20-327,MIN,@,POR,L (-3),0,25:28,6,14,.429,1,4,.250,1,1,1.000,0,2,2,2,1,0,1,6,14,6.2,-11
50,50,2016-02-02,20-329,MIN,@,LAL,L (-4),0,26:27,6,12,.500,2,5,.400,0,0,,0,1,1,7,0,0,4,4,14,7.6,0
51,51,2016-02-03,20-330,MIN,@,LAC,W (+6),0,34:24,7,14,.500,2,4,.500,1,3,.333,0,4,4,3,1,0,1,4,17,10.9,-4
52,52,2016-02-06,20-333,MIN,,CHI,W (+7),0,35:41,5,16,.313,1,4,.250,2,2,1.000,0,1,1,3,2,0,1,0,13,7.2,0
53,53,2016-02-08,20-335,MIN,,NOP,L (-14),0,28:24,4,10,.400,1,2,.500,3,4,.750,0,2,2,2,0,3,0,2,12,9.5,-5
54,54,2016-02-10,20-337,MIN,,TOR,W (+5),1,37:36,4,13,.308,1,4,.250,4,6,.667,1,3,4,5,0,1,1,3,13,8.3,-1
55,55,2016-02-19,20-346,MIN,@,MEM,L (-5),1,25:44,8,13,.615,4,6,.667,2,2,1.000,0,2,2,0,1,0,4,5,22,11.7,+1
56,56,2016-02-20,20-347,MIN,,NYK,L (-8),0,32:32,7,14,.500,0,5,.000,0,0,,0,5,5,3,1,0,1,0,14,10.6,+5
57,57,2016-02-22,20-349,MIN,,BOS,W (+2),1,32:07,4,7,.571,4,5,.800,4,5,.800,1,4,5,3,0,0,3,0,16,13.3,+4
58,58,2016-02-24,20-351,MIN,@,TOR,L (-9),0,32:32,3,10,.300,1,3,.333,0,2,.000,1,1,2,3,1,2,1,5,7,2.9,-19
59,59,2016-02-27,20-354,MIN,@,NOP,W (+2),1,35:45,11,17,.647,2,4,.500,1,1,1.000,0,5,5,1,1,0,2,5,25,16.7,+6
60,60,2016-02-28,20-355,MIN,@,DAL,L (-27),1,41:25,3,13,.231,1,6,.167,3,4,.750,1,7,8,4,2,0,1,4,10,6.7,-25
61,61,2016-03-02,20-358,MIN,,WAS,L (-6),1,38:55,7,18,.389,2,5,.400,5,5,1.000,0,3,3,2,1,0,1,2,21,12.7,+1
62,62,2016-03-04,20-360,MIN,@,MIL,L (-15),1,38:40,8,17,.471,2,4,.500,2,2,1.000,0,2,2,4,3,0,6,2,20,10.9,-12
63,63,2016-03-05,20-361,MIN,,BRK,W (+14),1,36:49,9,12,.750,3,5,.600,0,0,,0,0,0,4,2,0,1,1,21,19.6,+15
64,64,2016-03-07,20-363,MIN,@,CHO,L (-5),1,44:39,7,20,.350,2,8,.250,3,4,.750,0,4,4,2,2,0,4,3,19,6.8,-5
65,65,2016-03-08,20-364,MIN,,SAS,L (-25),1,36:03,7,10,.700,1,3,.333,0,1,.000,0,2,2,3,0,0,1,1,15,11.7,-33
66,66,2016-03-11,21-001,MIN,@,OKC,W (+3),1,35:16,3,8,.375,1,1,1.000,2,2,1.000,0,1,1,2,1,1,3,1,9,4.6,+17
67,67,2016-03-14,21-004,MIN,@,PHO,L (-3),1,31:40,10,15,.667,3,7,.429,5,6,.833,0,3,3,1,0,0,1,5,28,19.7,-8
68,68,2016-03-16,21-006,MIN,@,MEM,W (+6),1,40:33,11,19,.579,6,10,.600,0,0,,0,3,3,1,0,0,0,1,28,20.3,+7
69,69,2016-03-18,21-008,MIN,@,HOU,L (-5),1,35:20,6,15,.400,3,5,.600,0,0,,1,1,2,3,4,1,0,3,15,13.5,-12
70,70,2016-03-21,21-011,MIN,,GSW,L (-5),1,39:35,7,13,.538,2,5,.400,3,4,.750,0,2,2,4,1,0,2,1,19,14.3,0
71,71,2016-03-23,21-013,MIN,,SAC,W (+9),1,44:04,7,12,.583,4,7,.571,5,10,.500,0,0,0,4,0,0,6,0,23,12.2,+15
72,72,2016-03-25,21-015,MIN,@,WAS,W (+3),1,44:33,10,17,.588,5,9,.556,0,0,,0,0,0,4,2,0,1,1,25,20.5,+8
73,73,2016-03-26,21-016,MIN,,UTA,L (-9),1,35:18,3,11,.273,1,2,.500,2,2,1.000,0,0,0,2,0,0,0,1,9,3.5,+1
74,74,2016-03-28,21-018,MIN,,PHO,W (+5),1,33:55,6,10,.600,1,5,.200,2,2,1.000,0,1,1,1,0,0,3,5,15,6.4,-5
75,75,2016-03-30,21-020,MIN,,LAC,L (-20),1,22:11,0,6,.000,0,0,,0,0,,0,2,2,4,0,0,1,0,0,-1.8,-22
76,76,2016-04-01,21-022,MIN,@,UTA,L (-13),1,40:12,1,9,.111,1,5,.200,0,0,,1,1,2,6,1,0,3,3,3,-0.9,-22
77,77,2016-04-03,21-024,MIN,,DAL,L (-10),1,30:16,4,11,.364,2,7,.286,1,1,1.000,0,3,3,1,1,0,3,5,11,2.5,-7
78,78,2016-04-05,21-026,MIN,@,GSW,W (+7),1,40:09,6,14,.429,4,7,.571,0,0,,0,4,4,5,4,0,1,1,16,15.9,-7
79,79,2016-04-07,21-028,MIN,@,SAC,W (+8),1,25:32,6,10,.600,4,7,.571,2,2,1.000,0,1,1,2,3,1,2,1,18,16.4,+11
80,80,2016-04-09,21-030,MIN,@,POR,W (+1),1,26:56,2,7,.286,1,4,.250,5,6,.833,0,3,3,1,0,1,0,3,10,6.6,-12
81,81,2016-04-11,21-032,MIN,,HOU,L (-24),1,27:10,8,14,.571,3,7,.429,2,2,1.000,1,1,2,3,1,1,1,1,21,17.8,-22
82,82,2016-04-13,21-034,MIN,,NOP,W (+35),1,30:49,8,16,.500,3,9,.333,0,0,,0,2,2,5,2,1,3,1,19,14.4,+26
1,1,2016-10-26,21-230,MIN,@,MEM,L (-4),1,33:50,6,14,.429,3,6,.500,4,5,.800,0,5,5,3,1,0,2,3,19,12.6,-4
2,2,2016-10-29,21-233,MIN,@,SAC,L (-3),1,36:30,7,14,.500,3,7,.429,4,4,1.000,0,5,5,2,0,0,1,3,21,14.7,-3
3,3,2016-11-01,21-236,MIN,,MEM,W (+36),1,29:14,11,18,.611,5,9,.556,4,4,1.000,0,4,4,2,0,0,3,2,31,21.6,+28
4,4,2016-11-03,21-238,MIN,,DEN,L (-3),1,35:40,4,13,.308,2,6,.333,4,6,.667,1,4,5,3,1,0,0,2,14,9.9,-2
5,5,2016-11-05,21-240,MIN,@,OKC,L (-20),1,26:24,1,6,.167,1,3,.333,1,1,1.000,1,1,2,2,1,0,2,0,4,1.6,-24
6,6,2016-11-08,21-243,MIN,@,BRK,L (-9),1,39:47,5,16,.313,1,5,.200,6,6,1.000,0,2,2,1,0,0,1,0,17,8.1,-11
7,7,2016-11-09,21-244,MIN,@,ORL,W (+16),1,36:25,14,22,.636,7,9,.778,2,3,.667,0,4,4,3,1,0,0,1,37,30.7,+6
8,8,2016-11-12,21-247,MIN,,LAC,L (-14),1,40:02,7,15,.467,1,5,.200,0,0,,0,3,3,4,2,1,0,5,15,11.7,-5
9,,2016-11-13,21-248,MIN,,LAL,W (+26),Did Not Play,,,,,,,,,,,,,,,,,,,,,
10,9,2016-11-15,21-250,MIN,,CHO,L (-7),1,33:00,7,16,.438,5,10,.500,0,0,,0,2,2,2,0,0,0,2,19,11.8,-1
11,10,2016-11-17,21-252,MIN,,PHI,W (+24),1,38:59,5,14,.357,1,7,.143,0,0,,1,0,1,1,1,1,2,0,11,4.3,+15
12,11,2016-11-19,21-254,MIN,@,MEM,L (-22),1,36:37,9,16,.563,4,8,.500,0,0,,0,1,1,3,2,0,2,2,22,16.0,-17
13,12,2016-11-21,21-256,MIN,,BOS,L (-6),1,38:00,4,12,.333,0,7,.000,3,3,1.000,0,3,3,4,1,1,2,2,11,6.8,-5
14,13,2016-11-23,21-258,MIN,@,NOP,L (-21),1,37:09,9,22,.409,1,5,.200,7,8,.875,0,1,1,3,1,0,2,2,26,14.4,-21
15,14,2016-11-25,21-260,MIN,@,PHO,W (+13),1,35:54,6,13,.462,0,3,.000,1,1,1.000,1,2,3,0,1,0,2,5,13,4.6,+11
16,15,2016-11-26,21-261,MIN,@,GSW,L (-13),1,39:20,13,24,.542,5,12,.417,0,0,,0,3,3,3,1,0,4,4,31,17.8,-19
17,16,2016-11-28,21-263,MIN,,UTA,L (-9),1,44:08,9,17,.529,2,6,.333,8,9,.889,1,7,8,8,1,0,4,2,28,23.9,-2
18,17,2016-11-30,21-265,MIN,,NYK,L (-2),1,42:17,5,13,.385,1,5,.200,6,6,1.000,1,1,2,1,1,0,3,1,17,9.2,+7
19,18,2016-12-02,21-267,MIN,@,NYK,L (-4),1,39:30,9,18,.500,2,7,.286,3,3,1.000,0,2,2,3,1,0,2,3,23,14.5,-7
20,19,2016-12-03,21-268,MIN,@,CHO,W (+5),1,43:31,7,20,.350,3,9,.333,0,0,,1,1,2,3,2,1,0,1,17,11.2,+5
21,20,2016-12-06,21-271,MIN,,SAS,L (-14),1,37:58,9,16,.563,4,8,.500,3,4,.750,0,2,2,1,0,0,3,1,25,14.9,-4
22,21,2016-12-08,21-273,MIN,@,TOR,L (-14),1,39:04,12,20,.600,3,8,.375,2,2,1.000,2,0,2,6,0,0,1,3,29,23.2,-16
23,22,2016-12-09,21-274,MIN,,DET,L (-27),1,35:11,6,12,.500,0,3,.000,2,4,.500,0,3,3,5,1,0,3,1,14,9.2,-8
24,23,2016-12-11,21-276,MIN,,GSW,L (-8),1,42:16,8,19,.421,5,9,.556,4,4,1.000,0,3,3,4,0,0,1,5,25,15.6,-13
25,24,2016-12-13,21-278,MIN,@,CHI,W (+5),1,43:09,10,18,.556,1,4,.250,3,4,.750,1,5,6,6,0,1,2,3,24,18.9,+3
26,25,2016-12-17,21-282,MIN,,HOU,L (-2),1,44:47,9,18,.500,3,7,.429,3,5,.600,0,2,2,6,1,0,8,4,24,10.4,-1
27,26,2016-12-19,21-284,MIN,,PHO,W (+7),1,36:25,7,16,.438,4,8,.500,5,5,1.000,2,2,4,3,1,1,2,2,23,17.6,+8
28,27,2016-12-21,21-286,MIN,@,ATL,W (+8),1,38:18,5,12,.417,4,8,.500,4,4,1.000,1,3,4,2,1,1,1,1,18,14.9,+6
29,28,2016-12-23,21-288,MIN,,SAC,L (-4),1,39:02,13,21,.619,7,12,.583,7,7,1.000,0,6,6,2,1,0,2,5,40,30.7,-12
30,29,2016-12-25,21-290,MIN,@,OKC,L (-12),1,31:04,5,11,.455,3,5,.600,3,3,1.000,0,1,1,2,1,0,3,2,16,9.2,-21
31,30,2016-12-26,21-291,MIN,,ATL,W (+14),1,30:48,7,16,.438,6,9,.667,1,1,1.000,0,1,1,3,1,0,4,1,21,11.6,+27
32,31,2016-12-28,21-293,MIN,@,DEN,L (-2),1,40:17,7,17,.412,2,8,.250,1,2,.500,0,1,1,5,1,0,0,0,17,12.3,-1
33,32,2016-12-30,21-295,MIN,,MIL,W (+17),1,39:13,9,17,.529,6,9,.667,0,0,,0,2,2,4,0,0,2,3,24,15.9,+10
34,33,2017-01-01,21-297,MIN,,POR,L (-6),1,35:40,5,12,.417,2,5,.400,1,3,.333,1,2,3,1,1,0,2,3,13,5.6,-1
35,34,2017-01-03,21-299,MIN,@,PHI,L (-2),1,40:26,11,20,.550,3,8,.375,3,4,.750,0,4,4,1,1,1,3,3,28,17.4,+7
36,35,2017-01-06,21-302,MIN,@,WAS,L (-7),1,37:01,3,14,.214,2,6,.333,0,0,,0,5,5,3,0,0,1,3,8,0.8,-18
37,36,2017-01-07,21-303,MIN,,UTA,L (-2),1,38:18,10,21,.476,3,9,.333,1,1,1.000,3,6,9,4,1,0,2,2,24,18.2,-8
38,37,2017-01-09,21-305,MIN,,DAL,W (+9),1,28:34,2,7,.286,1,4,.250,0,0,,0,6,6,5,1,0,2,2,5,4.4,-4
39,,2017-01-11,21-307,MIN,,HOU,W (+14),Inactive,,,,,,,,,,,,,,,,,,,,,
40,,2017-01-13,21-309,MIN,,OKC,W (+10),Inactive,,,,,,,,,,,,,,,,,,,,,
41,38,2017-01-15,21-311,MIN,@,DAL,L (-11),1,33:39,3,8,.375,3,4,.750,2,2,1.000,0,5,5,1,1,0,1,1,11,8.4,-1
42,39,2017-01-17,21-313,MIN,@,SAS,L (-8),1,35:00,8,14,.571,2,5,.400,0,0,,0,4,4,2,0,0,1,3,18,11.8,+1
43,40,2017-01-19,21-315,MIN,@,LAC,W (+3),1,39:30,3,13,.231,1,6,.167,2,2,1.000,0,6,6,2,1,0,2,2,9,2.5,-3
44,41,2017-01-22,21-318,MIN,,DEN,W (+3),1,32:53,2,8,.250,0,3,.000,0,0,,0,2,2,1,2,0,0,0,4,2.5,-7
45,42,2017-01-24,21-320,MIN,@,PHO,W (+1),1,33:55,5,9,.556,1,4,.250,0,2,.000,0,1,1,4,2,0,2,2,11,8.2,+4
46,43,2017-01-26,21-322,MIN,,IND,L (-6),1,41:44,7,17,.412,3,9,.333,6,7,.857,0,3,3,5,1,1,2,3,23,16.4,+2
47,44,2017-01-28,21-324,MIN,,BRK,W (+20),1,36:36,6,11,.545,3,6,.500,5,7,.714,1,6,7,2,2,1,1,1,20,19.1,+8
48,45,2017-01-30,21-326,MIN,,ORL,W (+6),1,43:04,3,9,.333,1,6,.167,4,5,.800,0,3,3,0,1,0,0,4,11,5.8,+3
49,46,2017-02-01,21-328,MIN,@,CLE,L (-28),1,37:12,4,18,.222,0,6,.000,0,0,,0,3,3,4,1,0,0,3,8,0.5,-25
50,47,2017-02-03,21-330,MIN,@,DET,L (-8),1,31:32,9,13,.692,0,2,.000,2,3,.667,1,3,4,4,0,0,2,1,20,16.1,-4
51,,2017-02-04,21-331,MIN,,MEM,L (-8),Inactive,,,,,,,,,,,,,,,,,,,,,
52,,2017-02-06,21-333,MIN,,MIA,L (-2),Inactive,,,,,,,,,,,,,,,,,,,,,
53,,2017-02-08,21-335,MIN,,TOR,W (+3),Inactive,,,,,,,,,,,,,,,,,,,,,
54,,2017-02-10,21-337,MIN,,NOP,L (-16),Inactive,,,,,,,,,,,,,,,,,,,,,
55,,2017-02-12,21-339,MIN,,CHI,W (+28),Inactive,,,,,,,,,,,,,,,,,,,,,
56,,2017-02-14,21-341,MIN,,CLE,L (-8),Inactive,,,,,,,,,,,,,,,,,,,,,
57,,2017-02-15,21-342,MIN,@,DEN,W (+13),Inactive,,,,,,,,,,,,,,,,,,,,,
58,,2017-02-24,21-351,MIN,,DAL,W (+13),Inactive,,,,,,,,,,,,,,,,,,,,,
59,,2017-02-25,21-352,MIN,@,HOU,L (-12),Inactive,,,,,,,,,,,,,,,,,,,,,
60,,2017-02-27,21-354,MIN,@,SAC,W (+14),Inactive,,,,,,,,,,,,,,,,,,,,,
61,,2017-03-01,21-356,MIN,@,UTA,W (+27),Inactive,,,,,,,,,,,,,,,,,,,,,
62,,2017-03-04,21-359,MIN,@,SAS,L (-7),Inactive,,,,,,,,,,,,,,,,,,,,,
63,,2017-03-08,21-363,MIN,,LAC,W (+16),Inactive,,,,,,,,,,,,,,,,,,,,,
64,,2017-03-10,22-000,MIN,,GSW,W (+1),Inactive,,,,,,,,,,,,,,,,,,,,,
65,,2017-03-11,22-001,MIN,@,MIL,L (-7),Inactive,,,,,,,,,,,,,,,,,,,,,
66,,2017-03-13,22-003,MIN,,WAS,W (+15),Inactive,,,,,,,,,,,,,,,,,,,,,
67,,2017-03-15,22-005,MIN,@,BOS,L (-13),Inactive,,,,,,,,,,,,,,,,,,,,,
68,,2017-03-17,22-007,MIN,@,MIA,L (-18),Inactive,,,,,,,,,,,,,,,,,,,,,
69,,2017-03-19,22-009,MIN,@,NOP,L (-14),Inactive,,,,,,,,,,,,,,,,,,,,,
70,,2017-03-21,22-011,MIN,,SAS,L (-7),Inactive,,,,,,,,,,,,,,,,,,,,,
71,,2017-03-24,22-014,MIN,@,LAL,L (-11),Inactive,,,,,,,,,,,,,,,,,,,,,
72,,2017-03-25,22-015,MIN,@,POR,L (-12),Inactive,,,,,,,,,,,,,,,,,,,,,
73,,2017-03-28,22-018,MIN,@,IND,W (+1),Inactive,,,,,,,,,,,,,,,,,,,,,
74,,2017-03-30,22-020,MIN,,LAL,W (+15),Inactive,,,,,,,,,,,,,,,,,,,,,
75,,2017-04-01,22-022,MIN,,SAC,L (-6),Inactive,,,,,,,,,,,,,,,,,,,,,
76,,2017-04-03,22-024,MIN,,POR,W (+1),Inactive,,,,,,,,,,,,,,,,,,,,,
77,,2017-04-04,22-025,MIN,@,GSW,L (-14),Inactive,,,,,,,,,,,,,,,,,,,,,
78,,2017-04-06,22-027,MIN,@,POR,L (-7),Inactive,,,,,,,,,,,,,,,,,,,,,
79,,2017-04-07,22-028,MIN,@,UTA,L (-7),Inactive,,,,,,,,,,,,,,,,,,,,,
80,,2017-04-09,22-030,MIN,@,LAL,L (-1),Inactive,,,,,,,,,,,,,,,,,,,,,
81,,2017-04-11,22-032,MIN,,OKC,L (-2),Inactive,,,,,,,,,,,,,,,,,,,,,
82,,2017-04-12,22-033,MIN,@,HOU,L (-5),Inactive,,,,,,,,,,,,,,,,,,,,,
1,,2017-10-19,22-223,CHI,@,TOR,L (-17),Inactive,,,,,,,,,,,,,,,,,,,,,
2,,2017-10-21,22-225,CHI,,SAS,L (-10),Inactive,,,,,,,,,,,,,,,,,,,,,
3,,2017-10-24,22-228,CHI,@,CLE,L (-7),Inactive,,,,,,,,,,,,,,,,,,,,,
4,,2017-10-26,22-230,CHI,,ATL,W (+5),Inactive,,,,,,,,,,,,,,,,,,,,,
5,,2017-10-28,22-232,CHI,,OKC,L (-32),Inactive,,,,,,,,,,,,,,,,,,,,,
6,,2017-11-01,22-236,CHI,@,MIA,L (-6),Inactive,,,,,,,,,,,,,,,,,,,,,
7,,2017-11-03,22-238,CHI,@,ORL,W (+22),Inactive,,,,,,,,,,,,,,,,,,,,,
8,,2017-11-04,22-239,CHI,,NOP,L (-6),Inactive,,,,,,,,,,,,,,,,,,,,,
9,,2017-11-07,22-242,CHI,@,TOR,L (-5),Inactive,,,,,,,,,,,,,,,,,,,,,
10,,2017-11-10,22-245,CHI,,IND,L (-18),Inactive,,,,,,,,,,,,,,,,,,,,,
11,,2017-11-11,22-246,CHI,@,SAS,L (-39),Inactive,,,,,,,,,,,,,,,,,,,,,
12,,2017-11-15,22-250,CHI,@,OKC,L (-13),Inactive,,,,,,,,,,,,,,,,,,,,,
13,,2017-11-17,22-252,CHI,,CHO,W (+3),Inactive,,,,,,,,,,,,,,,,,,,,,
14,,2017-11-19,22-254,CHI,@,PHO,L (-8),Inactive,,,,,,,,,,,,,,,,,,,,,
15,,2017-11-21,22-256,CHI,@,LAL,L (-9),Inactive,,,,,,,,,,,,,,,,,,,,,
16,,2017-11-22,22-257,CHI,@,UTA,L (-30),Inactive,,,,,,,,,,,,,,,,,,,,,
17,,2017-11-24,22-259,CHI,@,GSW,L (-49),Inactive,,,,,,,,,,,,,,,,,,,,,
18,,2017-11-26,22-261,CHI,,MIA,L (-7),Inactive,,,,,,,,,,,,,,,,,,,,,
19,,2017-11-28,22-263,CHI,,PHO,L (-5),Inactive,,,,,,,,,,,,,,,,,,,,,
20,,2017-11-30,22-265,CHI,@,DEN,L (-1),Inactive,,,,,,,,,,,,,,,,,,,,,
21,,2017-12-01,22-266,CHI,,SAC,L (-1),Inactive,,,,,,,,,,,,,,,,,,,,,
22,,2017-12-04,22-269,CHI,,CLE,L (-22),Inactive,,,,,,,,,,,,,,,,,,,,,
23,,2017-12-06,22-271,CHI,@,IND,L (-2),Inactive,,,,,,,,,,,,,,,,,,,,,
24,,2017-12-08,22-273,CHI,@,CHO,W (+8),Inactive,,,,,,,,,,,,,,,,,,,,,
25,,2017-12-09,22-274,CHI,,NYK,W (+2),Inactive,,,,,,,,,,,,,,,,,,,,,
26,,2017-12-11,22-276,CHI,,BOS,W (+23),Inactive,,,,,,,,,,,,,,,,,,,,,
27,,2017-12-13,22-278,CHI,,UTA,W (+3),Inactive,,,,,,,,,,,,,,,,,,,,,
28,,2017-12-15,22-280,CHI,@,MIL,W (+6),Inactive,,,,,,,,,,,,,,,,,,,,,
29,,2017-12-18,22-283,CHI,,PHI,W (+2),Inactive,,,,,,,,,,,,,,,,,,,,,
30,,2017-12-20,22-285,CHI,,ORL,W (+18),Inactive,,,,,,,,,,,,,,,,,,,,,
31,,2017-12-21,22-286,CHI,@,CLE,L (-3),Inactive,,,,,,,,,,,,,,,,,,,,,
32,,2017-12-23,22-288,CHI,@,BOS,L (-25),Inactive,,,,,,,,,,,,,,,,,,,,,
33,,2017-12-26,22-291,CHI,@,MIL,W (+9),Inactive,,,,,,,,,,,,,,,,,,,,,
34,,2017-12-27,22-292,CHI,,NYK,W (+5),Inactive,,,,,,,,,,,,,,,,,,,,,
35,,2017-12-29,22-294,CHI,,IND,W (+12),Inactive,,,,,,,,,,,,,,,,,,,,,
36,,2017-12-31,22-296,CHI,@,WAS,L (-4),Inactive,,,,,,,,,,,,,,,,,,,,,
37,,2018-01-01,22-297,CHI,,POR,L (-4),Inactive,,,,,,,,,,,,,,,,,,,,,
38,,2018-01-03,22-299,CHI,,TOR,L (-9),Inactive,,,,,,,,,,,,,,,,,,,,,
39,,2018-01-05,22-301,CHI,@,DAL,W (+3),Inactive,,,,,,,,,,,,,,,,,,,,,
40,,2018-01-06,22-302,CHI,@,IND,L (-39),Inactive,,,,,,,,,,,,,,,,,,,,,
41,,2018-01-08,22-304,CHI,,HOU,L (-9),Inactive,,,,,,,,,,,,,,,,,,,,,
42,,2018-01-10,22-306,CHI,@,NYK,W (+3),Inactive,,,,,,,,,,,,,,,,,,,,,
43,1,2018-01-13,22-309,CHI,,DET,W (+2),1,19:10,5,9,.556,3,4,.750,1,2,.500,0,0,0,2,0,0,1,1,14,9.3,+3
44,2,2018-01-15,22-311,CHI,,MIA,W (+8),1,19:55,7,12,.583,2,4,.500,2,3,.667,1,4,5,5,2,0,1,3,18,17.2,+6
45,3,2018-01-17,22-313,CHI,,GSW,L (-7),1,19:59,2,12,.167,0,5,.000,1,1,1.000,1,2,3,2,1,0,1,1,5,-0.3,-16
46,4,2018-01-20,22-316,CHI,@,ATL,W (+16),1,18:21,2,9,.222,1,4,.250,3,4,.750,0,9,9,1,0,0,2,2,8,2.7,+5
47,5,2018-01-22,22-318,CHI,@,NOP,L (-4),1,24:16,7,15,.467,1,3,.333,4,4,1.000,0,5,5,2,0,0,2,1,19,11.8,-10
48,6,2018-01-24,22-320,CHI,@,PHI,L (-14),1,24:03,8,15,.533,3,5,.600,2,2,1.000,0,7,7,3,1,0,3,1,21,15.5,-5
49,7,2018-01-26,22-322,CHI,,LAL,L (-5),1,25:45,3,17,.176,2,8,.250,2,4,.500,0,3,3,1,0,0,1,4,10,-2.5,-8
50,8,2018-01-28,22-324,CHI,,MIL,L (-14),1,26:27,2,11,.182,0,5,.000,2,2,1.000,1,4,5,5,3,0,2,4,6,3.9,-10
51,9,2018-01-31,22-327,CHI,@,POR,L (-16),1,22:27,8,13,.615,3,4,.750,4,7,.571,0,0,0,2,2,1,1,2,23,18.2,-27
52,10,2018-02-03,22-330,CHI,@,LAC,L (-10),1,31:07,6,18,.333,3,6,.500,6,6,1.000,0,9,9,4,1,0,0,5,21,15.3,+5
53,11,2018-02-05,22-332,CHI,@,SAC,L (-6),1,31:18,9,18,.500,4,8,.500,5,5,1.000,1,2,3,2,1,0,2,2,27,18.9,-12
54,12,2018-02-09,22-336,CHI,,MIN,W (+1),1,33:06,12,26,.462,1,6,.167,10,11,.909,1,4,5,1,2,0,1,2,35,24.0,+7
55,,2018-02-10,22-337,CHI,,WAS,L (-11),Inactive,,,,,,,,,,,,,,,,,,,,,
56,13,2018-02-12,22-339,CHI,,ORL,W (+4),1,33:12,7,16,.438,2,4,.500,2,2,1.000,0,7,7,5,1,0,2,2,18,13.4,+16
57,14,2018-02-14,22-341,CHI,,TOR,L (-24),1,26:59,5,17,.294,1,4,.250,0,0,,0,2,2,1,1,0,2,2,11,0.6,-30
58,15,2018-02-22,22-349,CHI,,PHI,L (-1),1,31:07,7,16,.438,5,7,.714,4,7,.571,0,3,3,4,0,0,2,3,23,13.9,-17
59,16,2018-02-24,22-351,CHI,@,MIN,L (-18),1,31:44,7,17,.412,0,4,.000,7,8,.875,0,6,6,7,1,1,2,1,21,17.5,-8
60,,2018-02-26,22-353,CHI,@,BRK,L (-17),Inactive,,,,,,,,,,,,,,,,,,,,,
61,17,2018-02-27,22-354,CHI,@,CHO,L (-15),1,34:49,7,19,.368,3,5,.600,4,6,.667,2,2,4,4,0,0,3,2,21,10.7,-20
62,18,2018-03-02,22-357,CHI,,DAL,W (+8),1,34:28,6,14,.429,1,5,.200,3,3,1.000,0,2,2,6,1,0,2,1,16,12.0,+3
63,19,2018-03-05,22-360,CHI,,BOS,L (-16),1,27:05,1,11,.091,0,4,.000,2,4,.500,0,0,0,1,3,0,2,2,4,-3.2,-29
64,20,2018-03-07,22-362,CHI,,MEM,W (+9),1,33:15,8,14,.571,1,4,.250,4,6,.667,0,2,2,5,1,0,2,1,21,16.3,+19
65,21,2018-03-09,22-364,CHI,@,DET,L (-16),1,26:49,3,15,.200,0,4,.000,2,3,.667,0,3,3,0,2,0,2,3,8,-2.0,-17
66,22,2018-03-11,23-001,CHI,@,ATL,W (+7),1,28:22,7,16,.438,3,8,.375,4,4,1.000,0,1,1,3,0,1,1,3,21,13.5,-8
67,23,2018-03-13,23-003,CHI,,LAC,L (-6),1,26:24,3,13,.231,1,5,.200,3,3,1.000,1,5,6,2,0,0,2,3,10,2.5,-13
68,24,2018-03-15,23-005,CHI,@,MEM,W (+1),1,26:10,4,12,.333,2,7,.286,10,10,1.000,1,3,4,4,1,1,4,4,20,13.7,-6
69,,2018-03-17,23-007,CHI,,CLE,L (-5),Inactive,,,,,,,,,,,,,,,,,,,,,
70,,2018-03-19,23-009,CHI,@,NYK,L (-18),Inactive,,,,,,,,,,,,,,,,,,,,,
71,,2018-03-21,23-011,CHI,,DEN,L (-33),Inactive,,,,,,,,,,,,,,,,,,,,,
72,,2018-03-23,23-013,CHI,,MIL,L (-13),Inactive,,,,,,,,,,,,,,,,,,,,,
73,,2018-03-24,23-014,CHI,@,DET,L (-22),Inactive,,,,,,,,,,,,,,,,,,,,,
74,,2018-03-27,23-017,CHI,@,HOU,L (-32),Inactive,,,,,,,,,,,,,,,,,,,,,
75,,2018-03-29,23-019,CHI,@,MIA,L (-11),Inactive,,,,,,,,,,,,,,,,,,,,,
76,,2018-03-30,23-020,CHI,@,ORL,W (+8),Inactive,,,,,,,,,,,,,,,,,,,,,
77,,2018-04-01,23-022,CHI,,WAS,W (+19),Inactive,,,,,,,,,,,,,,,,,,,,,
78,,2018-04-03,23-024,CHI,,CHO,W (+6),Inactive,,,,,,,,,,,,,,,,,,,,,
79,,2018-04-06,23-027,CHI,@,BOS,L (-7),Inactive,,,,,,,,,,,,,,,,,,,,,
80,,2018-04-07,23-028,CHI,,BRK,L (-28),Inactive,,,,,,,,,,,,,,,,,,,,,
81,,2018-04-09,23-030,CHI,@,BRK,L (-9),Inactive,,,,,,,,,,,,,,,,,,,,,
82,,2018-04-11,23-032,CHI,,DET,L (-32),Inactive,,,,,,,,,,,,,,,,,,,,,
1,1,2018-10-18,23-222,CHI,@,PHI,L (-19),1,32:42,11,19,.579,2,7,.286,6,7,.857,0,5,5,3,0,3,5,5,30,19.4,-10
2,2,2018-10-20,23-224,CHI,,DET,L (-2),1,36:57,12,21,.571,2,6,.333,7,9,.778,0,3,3,3,0,0,2,3,33,22.1,-14
3,3,2018-10-22,23-226,CHI,@,DAL,L (-6),1,37:06,11,15,.733,5,7,.714,7,8,.875,1,2,3,2,2,1,5,3,34,26.7,-3
4,4,2018-10-24,23-228,CHI,,CHO,W (+2),1,35:42,10,22,.455,1,5,.200,11,12,.917,1,3,4,5,0,0,3,5,32,20.3,-1
5,5,2018-10-26,23-230,CHI,@,CHO,L (-29),1,25:50,6,16,.375,4,8,.500,4,6,.667,0,3,3,4,0,0,2,2,20,11.3,-23
6,6,2018-10-27,23-231,CHI,@,ATL,W (+12),1,34:53,9,19,.474,1,5,.200,8,10,.800,0,11,11,3,1,0,9,0,27,13.9,+5
7,7,2018-10-29,23-233,CHI,,GSW,L (-25),1,26:54,8,17,.471,2,6,.333,3,4,.750,1,6,7,2,2,0,4,2,21,13.0,-35
8,8,2018-10-31,23-235,CHI,,DEN,L (-1),1,39:20,11,24,.458,2,6,.333,4,4,1.000,0,5,5,7,1,1,2,4,28,20.1,+3
9,9,2018-11-02,23-237,CHI,,IND,L (-2),1,34:59,7,21,.333,2,7,.286,4,4,1.000,0,6,6,5,1,1,4,5,20,9.1,+5
10,10,2018-11-03,23-238,CHI,,HOU,L (-8),1,38:06,4,16,.250,1,7,.143,12,13,.923,0,4,4,4,1,0,3,3,21,11.8,-2
11,11,2018-11-05,23-240,CHI,@,NYK,W (+1),1,49:01,13,25,.520,4,10,.400,11,14,.786,0,4,4,4,3,2,8,1,41,27.5,+3
12,12,2018-11-07,23-242,CHI,@,NOP,L (-9),1,37:55,9,26,.346,2,5,.400,2,2,1.000,0,5,5,4,0,1,1,2,22,10.6,-15
13,13,2018-11-10,23-245,CHI,,CLE,W (+1),1,39:17,9,22,.409,1,4,.250,5,5,1.000,1,7,8,5,2,0,1,0,24,19.5,+6
14,14,2018-11-12,23-247,CHI,,DAL,L (-5),1,41:12,8,23,.348,0,6,.000,10,11,.909,0,5,5,5,4,0,7,2,26,13.9,-4
15,15,2018-11-14,23-249,CHI,@,BOS,L (-29),1,31:31,3,11,.273,0,2,.000,4,4,1.000,1,8,9,4,1,0,4,0,10,6.4,-21
16,16,2018-11-16,23-251,CHI,@,MIL,L (-19),1,33:48,6,20,.300,1,5,.200,2,3,.667,1,4,5,4,1,1,4,1,15,5.0,-19
17,,2018-11-17,23-252,CHI,,TOR,L (-39),Inactive,,,,,,,,,,,,,,,,,,,,,
18,17,2018-11-21,23-256,CHI,,PHO,W (+8),1,37:26,10,20,.500,1,4,.250,8,9,.889,0,1,1,6,1,0,2,0,29,22.1,+4
19,18,2018-11-23,23-258,CHI,,MIA,L (-7),1,35:23,11,27,.407,1,5,.200,1,1,1.000,0,4,4,9,0,1,3,2,24,13.9,-7
20,19,2018-11-24,23-259,CHI,@,MIN,L (-15),1,37:56,9,17,.529,0,3,.000,10,12,.833,1,7,8,4,0,0,4,1,28,20.1,-6
21,20,2018-11-26,23-261,CHI,,SAS,L (-1),1,35:14,10,26,.385,3,8,.375,5,6,.833,1,6,7,7,0,0,6,1,28,14.4,+11
22,21,2018-11-28,23-263,CHI,@,MIL,L (-3),1,36:27,8,18,.444,2,6,.333,6,6,1.000,0,9,9,7,0,1,1,1,24,21.5,+5
23,22,2018-11-30,23-265,CHI,@,DET,L (-19),1,32:35,3,12,.250,0,0,,2,2,1.000,0,2,2,9,0,1,5,3,8,2.2,-17
24,23,2018-12-01,23-266,CHI,@,HOU,L (-16),1,34:53,11,17,.647,2,5,.400,5,5,1.000,1,3,4,3,2,2,2,3,29,25.4,-13
25,24,2018-12-04,23-269,CHI,@,IND,L (-6),1,34:08,6,15,.400,1,3,.333,0,0,,0,2,2,9,1,0,3,4,13,8.2,+3
26,25,2018-12-07,23-272,CHI,,OKC,W (+2),1,36:24,10,18,.556,2,5,.400,3,4,.750,0,4,4,7,2,0,9,3,25,13.9,+10
27,26,2018-12-08,23-273,CHI,,BOS,L (-56),1,18:53,4,6,.667,0,1,.000,3,3,1.000,2,1,3,2,0,0,2,3,11,8.3,-13
28,27,2018-12-10,23-275,CHI,,SAC,L (-19),1,32:25,7,13,.538,3,5,.600,2,2,1.000,1,1,2,2,3,0,6,1,19,11.7,-22
29,28,2018-12-13,23-278,CHI,@,ORL,L (-6),1,40:29,10,18,.556,2,3,.667,1,2,.500,0,3,3,5,2,0,6,1,23,14.0,-2
30,,2018-12-15,23-280,CHI,@,SAS,W (+5),Inactive,,,,,,,,,,,,,,,,,,,,,
31,,2018-12-17,23-282,CHI,@,OKC,L (-25),Inactive,,,,,,,,,,,,,,,,,,,,,
32,,2018-12-19,23-284,CHI,,BRK,L (-3),Inactive,,,,,,,,,,,,,,,,,,,,,
33,,2018-12-21,23-286,CHI,,ORL,W (+10),Inactive,,,,,,,,,,,,,,,,,,,,,
34,,2018-12-23,23-288,CHI,@,CLE,W (+20),Inactive,,,,,,,,,,,,,,,,,,,,,
35,29,2018-12-26,23-291,CHI,,MIN,L (-25),0,26:24,10,17,.588,3,7,.429,5,7,.714,0,1,1,2,0,0,0,1,28,20.6,-2
36,30,2018-12-28,23-293,CHI,@,WAS,W (+9),1,28:54,7,12,.583,3,4,.750,7,8,.875,0,1,1,3,0,0,1,2,24,18.6,+14
37,31,2018-12-30,23-295,CHI,@,TOR,L (-6),1,32:50,3,17,.176,0,3,.000,7,7,1.000,0,3,3,2,0,0,1,6,13,1.2,+3
38,32,2019-01-02,23-298,CHI,,ORL,L (-28),1,28:02,6,10,.600,0,1,.000,4,5,.800,0,3,3,3,0,0,2,1,16,11.6,-20
39,33,2019-01-04,23-300,CHI,,IND,L (-3),1,34:37,12,21,.571,5,9,.556,2,2,1.000,1,4,5,3,2,0,4,4,31,21.5,+2
40,34,2019-01-06,23-302,CHI,,BRK,L (-17),1,35:00,11,17,.647,2,2,1.000,3,3,1.000,1,1,2,2,0,1,1,1,27,21.2,-8
41,35,2019-01-09,23-305,CHI,@,POR,L (-12),1,33:24,6,19,.316,2,5,.400,4,5,.800,1,1,2,3,0,0,4,2,18,5.0,-13
42,36,2019-01-11,23-307,CHI,@,GSW,L (-37),1,26:30,10,16,.625,3,5,.600,6,7,.857,1,3,4,0,0,0,5,3,29,16.8,-36
43,37,2019-01-12,23-308,CHI,@,UTA,L (-8),1,29:20,7,21,.333,2,7,.286,5,6,.833,0,3,3,1,3,1,1,3,21,11.8,-6
44,38,2019-01-15,23-311,CHI,@,LAL,L (-7),1,32:30,4,11,.364,1,4,.250,1,2,.500,2,2,4,8,0,0,3,2,10,7.3,-15
45,39,2019-01-17,23-313,CHI,@,DEN,L (-30),1,28:48,4,15,.267,0,3,.000,0,0,,2,3,5,6,0,0,2,4,8,2.0,-29
46,40,2019-01-19,23-315,CHI,,MIA,L (-14),1,34:36,7,19,.368,2,7,.286,6,7,.857,0,3,3,6,1,0,3,4,22,12.6,-6
47,41,2019-01-21,23-317,CHI,@,CLE,W (+16),1,24:47,9,16,.563,3,6,.500,4,6,.667,0,2,2,1,2,0,3,2,25,16.1,+13
48,42,2019-01-23,23-319,CHI,,ATL,L (-20),1,34:09,6,15,.400,2,6,.333,9,10,.900,0,4,4,4,2,0,3,2,23,16.7,-10
49,43,2019-01-25,23-321,CHI,,LAC,L (-5),1,36:22,10,20,.500,2,7,.286,7,7,1.000,1,3,4,3,2,0,3,2,29,20.9,-11
50,44,2019-01-27,23-323,CHI,,CLE,L (-3),1,36:14,6,17,.353,0,4,.000,5,5,1.000,1,11,12,2,0,0,4,1,17,8.5,+6
51,45,2019-01-29,23-325,CHI,@,BRK,L (-5),1,35:32,11,20,.550,1,4,.250,3,4,.750,1,3,4,5,2,0,3,2,26,19.3,-5
52,,2019-01-30,23-326,CHI,@,MIA,W (+16),Did Not Dress,,,,,,,,,,,,,,,,,,,,,
53,46,2019-02-02,23-329,CHI,@,CHO,L (-7),1,31:21,7,12,.583,1,2,.500,3,3,1.000,0,5,5,3,0,0,1,1,18,14.6,-11
54,47,2019-02-06,23-333,CHI,,NOP,L (-5),1,33:13,10,21,.476,3,8,.375,5,8,.625,2,6,8,7,0,2,1,1,28,24.2,-11
55,48,2019-02-08,23-335,CHI,@,BRK,W (+19),1,37:24,10,17,.588,1,2,.500,5,7,.714,1,2,3,5,2,0,1,1,26,22.7,+12
56,49,2019-02-09,23-336,CHI,,WAS,L (-9),1,35:34,11,17,.647,0,3,.000,4,5,.800,1,3,4,6,1,0,3,1,26,21.5,-12
57,50,2019-02-11,23-338,CHI,,MIL,L (-13),1,35:59,9,19,.474,4,6,.667,5,5,1.000,0,5,5,7,1,1,2,4,27,21.8,0
58,51,2019-02-13,23-340,CHI,,MEM,W (+12),1,34:07,5,10,.500,1,3,.333,4,4,1.000,1,5,6,7,0,0,4,2,15,12.3,+25
59,52,2019-02-22,23-349,CHI,@,ORL,W (+1),1,33:14,6,14,.429,5,6,.833,5,5,1.000,1,3,4,6,2,0,2,1,22,20.0,+3
60,53,2019-02-23,23-350,CHI,,BOS,W (+10),1,38:53,17,29,.586,5,11,.455,3,3,1.000,1,5,6,4,0,0,5,5,42,26.5,+2
61,54,2019-02-25,23-352,CHI,,MIL,L (-11),1,36:29,4,13,.308,2,4,.500,1,3,.333,0,8,8,9,0,2,2,1,11,10.4,-7
62,55,2019-02-27,23-354,CHI,@,MEM,W (+2),1,34:30,12,19,.632,2,4,.500,4,4,1.000,1,4,5,4,1,1,3,1,30,24.5,+2
63,56,2019-03-01,23-356,CHI,@,ATL,W (+7),1,55:34,17,35,.486,6,14,.429,7,11,.636,2,7,9,9,2,0,8,3,47,30.3,+5
64,57,2019-03-03,23-358,CHI,,ATL,L (-5),1,27:49,3,9,.333,0,2,.000,6,7,.857,0,2,2,2,1,1,4,1,12,5.8,-2
65,58,2019-03-05,23-360,CHI,@,IND,L (-9),1,37:13,10,22,.455,2,6,.333,5,7,.714,0,2,2,3,0,0,3,3,27,13.3,-4
66,59,2019-03-06,23-361,CHI,,PHI,W (+1),1,36:00,14,26,.538,2,5,.400,9,13,.692,3,2,5,4,1,0,2,1,39,28.9,+6
67,60,2019-03-08,23-363,CHI,,DET,L (-8),1,38:18,9,18,.500,1,3,.333,5,10,.500,1,5,6,2,1,1,5,3,24,12.1,-1
68,,2019-03-10,24-000,CHI,@,DET,L (-23),Did Not Dress,,,,,,,,,,,,,,,,,,,,,
69,,2019-03-12,24-002,CHI,,LAL,L (-16),Inactive,,,,,,,,,,,,,,,,,,,,,
70,61,2019-03-15,24-005,CHI,@,LAC,L (-7),1,38:08,9,19,.474,3,7,.429,10,13,.769,1,6,7,7,0,0,4,2,31,22.7,-6
71,62,2019-03-17,24-007,CHI,@,SAC,L (-27),1,29:11,7,18,.389,2,3,.667,2,3,.667,2,1,3,3,3,1,2,3,18,12.1,-20
72,63,2019-03-18,24-008,CHI,@,PHO,W (+15),1,32:31,5,10,.500,2,4,.500,5,5,1.000,0,8,8,7,1,0,7,3,17,12.1,+12
73,,2019-03-20,24-010,CHI,,WAS,W (+6),Did Not Dress,,,,,,,,,,,,,,,,,,,,,
74,,2019-03-23,24-013,CHI,,UTA,L (-31),Did Not Dress,,,,,,,,,,,,,,,,,,,,,
75,,2019-03-26,24-016,CHI,@,TOR,L (-9),Did Not Dress,,,,,,,,,,,,,,,,,,,,,
76,,2019-03-27,24-017,CHI,,POR,L (-20),Inactive,,,,,,,,,,,,,,,,,,,,,
77,,2019-03-30,24-020,CHI,,TOR,L (-23),Inactive,,,,,,,,,,,,,,,,,,,,,
78,,2019-04-01,24-022,CHI,@,NYK,L (-8),Inactive,,,,,,,,,,,,,,,,,,,,,
79,,2019-04-03,24-024,CHI,@,WAS,W (+1),Inactive,,,,,,,,,,,,,,,,,,,,,
80,,2019-04-06,24-027,CHI,,PHI,L (-20),Inactive,,,,,,,,,,,,,,,,,,,,,
81,,2019-04-09,24-030,CHI,,NYK,L (-10),Inactive,,,,,,,,,,,,,,,,,,,,,
82,,2019-04-10,24-031,CHI,@,PHI,L (-16),Inactive,,,,,,,,,,,,,,,,,,,,,
1,1,2019-10-23,24-227,CHI,@,CHO,L (-1),1,30:00,7,17,.412,1,4,.250,1,1,1.000,3,3,6,7,2,1,5,3,16,11.3,-8
2,2,2019-10-25,24-229,CHI,@,MEM,W (+8),1,33:22,13,23,.565,4,8,.500,7,10,.700,1,5,6,4,3,1,2,4,37,30.0,+12
3,3,2019-10-26,24-230,CHI,,TOR,L (-24),1,30:15,4,13,.308,1,4,.250,2,3,.667,1,0,1,4,0,0,2,2,11,3.8,-25
4,4,2019-10-28,24-232,CHI,@,NYK,L (-7),1,35:36,8,18,.444,2,7,.286,3,4,.750,1,4,5,3,1,1,4,2,21,12.1,-8
5,5,2019-10-30,24-234,CHI,@,CLE,L (-6),1,31:54,6,14,.429,4,8,.500,0,0,,0,0,0,2,1,0,1,3,16,8.8,-6
6,6,2019-11-01,24-236,CHI,,DET,W (+6),1,32:14,8,20,.400,3,9,.333,7,8,.875,2,3,5,3,0,0,6,3,26,12.0,+10
7,7,2019-11-03,24-238,CHI,@,IND,L (-13),1,31:52,8,19,.421,4,8,.500,1,2,.500,1,4,5,2,0,0,3,1,21,10.4,-10
8,8,2019-11-05,24-240,CHI,,LAL,L (-6),1,33:31,9,18,.500,3,7,.429,5,7,.714,1,6,7,7,2,0,3,3,26,21.4,-14
9,9,2019-11-06,24-241,CHI,@,ATL,W (+20),1,30:54,4,10,.400,0,2,.000,2,2,1.000,2,6,8,4,2,2,4,2,10,9.2,+24
10,10,2019-11-09,24-244,CHI,,HOU,L (-23),1,32:06,5,17,.294,1,7,.143,0,0,,1,0,1,5,2,1,4,3,11,2.8,-20
11,11,2019-11-12,24-247,CHI,,NYK,W (+18),1,30:39,9,19,.474,3,8,.375,4,5,.800,0,2,2,5,1,0,3,3,25,15.8,-4
12,12,2019-11-14,24-249,CHI,@,MIL,L (-9),1,32:47,8,20,.400,4,9,.444,5,5,1.000,0,3,3,7,3,1,5,6,25,16.3,-5
13,13,2019-11-16,24-251,CHI,,BRK,L (-6),1,32:20,11,24,.458,3,10,.300,11,12,.917,1,2,3,1,0,0,3,3,36,21.0,-8
14,14,2019-11-18,24-253,CHI,,MIL,L (-14),1,27:56,4,16,.250,2,7,.286,1,2,.500,1,7,8,4,0,0,3,0,11,3.6,-20
15,15,2019-11-20,24-255,CHI,,DET,W (+20),1,27:47,2,11,.182,1,3,.333,0,0,,0,3,3,4,0,0,2,0,5,-0.2,+11
16,16,2019-11-22,24-257,CHI,,MIA,L (-8),1,29:25,6,14,.429,0,4,.000,3,3,1.000,0,3,3,2,2,0,3,1,15,8.5,-19
17,17,2019-11-23,24-258,CHI,@,CHO,W (+1),1,34:44,17,28,.607,13,17,.765,2,2,1.000,0,4,4,0,2,0,4,5,49,33.4,+15
18,18,2019-11-25,24-260,CHI,,POR,L (-23),1,29:56,6,13,.462,1,5,.200,5,7,.714,0,1,1,5,2,1,6,4,18,9.4,-18
19,19,2019-11-27,24-262,CHI,@,GSW,L (-14),1,36:12,13,24,.542,4,9,.444,6,6,1.000,0,5,5,5,2,2,2,2,36,30.0,+2
20,20,2019-11-29,24-264,CHI,@,POR,L (-4),1,38:02,8,24,.333,5,11,.455,7,10,.700,1,5,6,5,1,0,0,2,28,19.1,+3
21,21,2019-12-02,24-267,CHI,@,SAC,W (+7),1,35:07,7,13,.538,5,7,.714,9,11,.818,0,1,1,3,1,0,2,2,28,21.5,-4
22,22,2019-12-04,24-269,CHI,,MEM,W (+7),1,33:32,7,13,.538,2,5,.400,9,11,.818,0,6,6,3,1,1,4,0,25,19.5,+2
23,23,2019-12-06,24-271,CHI,,GSW,L (-2),1,34:11,8,20,.400,4,10,.400,2,3,.667,0,6,6,6,0,0,5,3,22,10.6,+2
24,24,2019-12-08,24-273,CHI,@,MIA,L (-5),1,40:33,5,19,.263,1,8,.125,7,9,.778,0,6,6,3,2,0,7,5,18,2.8,-9
25,25,2019-12-09,24-274,CHI,,TOR,L (-1),1,34:16,6,18,.333,3,10,.300,5,7,.714,1,10,11,6,1,1,2,0,20,16.6,-9
26,26,2019-12-11,24-276,CHI,,ATL,W (+34),1,25:29,12,16,.750,7,7,1.000,4,4,1.000,0,2,2,4,1,1,3,3,35,29.5,+10
27,27,2019-12-13,24-278,CHI,,CHO,L (-10),1,35:15,4,19,.211,1,8,.125,3,3,1.000,2,6,8,2,1,0,2,0,12,3.9,-9
28,28,2019-12-14,24-279,CHI,,LAC,W (+3),1,36:06,11,21,.524,4,7,.571,5,6,.833,3,1,4,2,2,0,3,1,31,22.7,+10
29,29,2019-12-16,24-281,CHI,@,OKC,L (-3),1,34:29,15,25,.600,3,11,.273,6,6,1.000,0,2,2,3,2,0,4,3,39,27.0,+3
30,30,2019-12-18,24-283,CHI,@,WAS,W (+1),1,43:49,6,23,.261,1,8,.125,11,11,1.000,1,4,5,5,3,0,3,2,24,14.9,+9
31,31,2019-12-21,24-286,CHI,@,DET,W (+12),1,36:45,9,15,.600,5,7,.714,10,14,.714,0,5,5,5,1,0,5,4,33,23.9,+20
32,32,2019-12-23,24-288,CHI,@,ORL,L (-8),1,38:10,8,26,.308,3,13,.231,7,7,1.000,1,7,8,2,1,1,5,1,26,11.5,-1
33,33,2019-12-28,24-293,CHI,,ATL,W (+35),1,29:58,7,15,.467,3,7,.429,2,2,1.000,0,7,7,4,2,0,2,0,19,16.2,+24
34,34,2019-12-30,24-295,CHI,,MIL,L (-21),1,32:37,7,23,.304,4,9,.444,1,1,1.000,0,4,4,5,0,0,2,1,19,8.0,-9
35,35,2020-01-02,24-298,CHI,,UTA,L (-4),1,38:32,9,26,.346,3,11,.273,5,6,.833,1,3,4,5,1,1,4,3,26,12.6,+11
36,36,2020-01-04,24-300,CHI,,BOS,L (-7),1,38:03,11,21,.524,5,9,.556,8,14,.571,0,2,2,3,4,0,0,0,35,29.0,+2
37,37,2020-01-06,24-302,CHI,@,DAL,L (-8),1,38:49,10,23,.435,0,5,.000,0,0,,1,4,5,7,3,2,2,3,20,15.9,-11
38,38,2020-01-08,24-304,CHI,@,NOP,L (-15),1,36:46,13,24,.542,3,7,.429,3,4,.750,1,4,5,6,2,0,3,1,32,24.7,-4
39,39,2020-01-10,24-306,CHI,,IND,L (-11),1,37:48,14,23,.609,8,13,.615,7,7,1.000,1,5,6,1,1,0,3,2,43,32.6,-12
40,40,2020-01-11,24-307,CHI,@,DET,W (+9),1,35:48,8,21,.381,1,9,.111,8,8,1.000,0,4,4,6,1,2,2,0,25,19.3,+7
41,41,2020-01-13,24-309,CHI,@,BOS,L (-12),1,34:52,9,18,.500,3,6,.500,9,9,1.000,1,4,5,2,1,0,6,3,30,18.1,-7
42,42,2020-01-15,24-311,CHI,,WAS,W (+9),1,32:36,12,21,.571,6,11,.545,0,1,.000,0,7,7,7,1,0,3,3,30,23.5,+12
43,43,2020-01-17,24-313,CHI,@,PHI,L (-11),1,36:20,9,20,.450,0,7,.000,5,5,1.000,0,7,7,3,0,0,4,2,23,12.0,-17
44,44,2020-01-18,24-314,CHI,,CLE,W (+2),1,39:15,19,31,.613,2,6,.333,2,4,.500,2,4,6,3,5,2,1,2,42,36.4,-1
45,45,2020-01-20,24-316,CHI,@,MIL,L (-13),1,35:50,7,19,.368,2,8,.250,8,9,.889,0,5,5,1,3,0,2,3,24,15.1,-12
46,46,2020-01-22,24-318,CHI,,MIN,W (+7),1,33:09,8,18,.444,3,6,.500,6,8,.750,1,4,5,1,0,1,3,2,25,14.3,+1
47,47,2020-01-24,24-320,CHI,,SAC,L (-17),1,33:14,8,21,.381,3,9,.333,2,3,.667,0,6,6,2,0,1,4,4,21,7.4,-7
48,48,2020-01-25,24-321,CHI,@,CLE,W (+12),1,39:24,16,30,.533,5,12,.417,7,8,.875,2,8,10,8,1,0,4,1,44,35.0,+20
49,49,2020-01-27,24-323,CHI,,SAS,W (+1),1,35:06,7,22,.318,3,9,.333,6,6,1.000,1,5,6,2,1,0,0,2,23,14.2,-8
50,50,2020-01-29,24-325,CHI,@,IND,L (-9),1,44:23,7,23,.304,1,11,.091,5,6,.833,0,4,4,9,1,0,4,2,20,10.0,-2
51,51,2020-01-31,24-327,CHI,@,BRK,L (-15),1,36:08,8,17,.471,1,6,.167,5,6,.833,0,2,2,8,1,0,2,0,22,18.1,-19
52,52,2020-02-02,24-329,CHI,@,TOR,L (-27),1,33:26,6,10,.600,0,1,.000,6,8,.750,1,6,7,7,3,0,3,2,18,19.2,-22
53,53,2020-02-06,24-333,CHI,,NOP,L (-6),1,30:05,8,19,.421,1,5,.200,5,7,.714,1,2,3,3,1,1,3,3,22,12.0,-25
54,54,2020-02-09,24-336,CHI,@,PHI,L (-7),1,39:55,11,21,.524,5,10,.500,5,6,.833,0,1,1,8,3,1,9,1,32,21.5,-3
55,55,2020-02-11,24-338,CHI,@,WAS,L (-12),1,36:59,15,21,.714,8,11,.727,3,4,.750,1,8,9,4,2,0,5,1,41,34.4,-15
56,56,2020-02-20,24-347,CHI,,CHO,L (-10),1,38:56,8,22,.364,1,7,.143,2,5,.400,0,7,7,7,3,1,3,0,19,13.3,0
57,57,2020-02-22,24-349,CHI,,PHO,L (-8),1,35:33,8,20,.400,2,8,.250,2,2,1.000,0,4,4,5,1,1,7,1,20,8.2,-18
58,58,2020-02-23,24-350,CHI,,WAS,W (+9),1,36:01,11,20,.550,6,12,.500,4,6,.667,1,3,4,3,3,1,9,4,32,18.4,-4
59,59,2020-02-25,24-352,CHI,,OKC,L (-2),1,39:02,19,35,.543,3,13,.231,0,3,.000,2,3,5,4,1,0,5,4,41,22.4,+3
60,60,2020-02-29,24-356,CHI,@,NYK,L (-10),1,37:36,10,25,.400,4,8,.500,2,5,.400,0,3,3,7,1,0,1,5,26,15.1,-11
61,,2020-03-02,24-358,CHI,,DAL,W (+2),Inactive,,,,,,,,,,,,,,,,,,,,,
62,,2020-03-04,24-360,CHI,@,MIN,L (-7),Inactive,,,,,,,,,,,,,,,,,,,,,
63,,2020-03-06,24-362,CHI,,IND,L (-6),Inactive,,,,,,,,,,,,,,,,,,,,,
64,,2020-03-08,24-364,CHI,@,BRK,L (-3),Inactive,,,,,,,,,,,,,,,,,,,,,
65,,2020-03-10,25-000,CHI,,CLE,W (+5),Inactive,,,,,,,,,,,,,,,,,,,,,
1,1,2020-12-23,25-288,CHI,,ATL,L (-20),1,25:18,9,19,.474,1,8,.125,3,3,1.000,1,1,2,1,1,0,5,5,22,8.0,-26
2,2,2020-12-26,25-291,CHI,,IND,L (-19),1,28:50,6,13,.462,3,6,.500,2,2,1.000,0,1,1,2,1,0,3,4,17,8.4,-20
3,3,2020-12-27,25-292,CHI,,GSW,L (-1),1,34:48,11,23,.478,4,12,.333,7,9,.778,0,7,7,3,2,2,7,3,33,19.9,-5
4,4,2020-12-29,25-294,CHI,@,WAS,W (+8),1,38:17,6,15,.400,3,7,.429,8,9,.889,2,3,5,6,4,0,3,2,23,21.2,+11
5,5,2020-12-31,25-296,CHI,@,WAS,W (+3),1,34:53,6,17,.353,1,7,.143,9,10,.900,0,6,6,7,0,1,3,4,22,14.9,-3
6,6,2021-01-01,25-297,CHI,@,MIL,L (-30),1,27:11,7,16,.438,1,4,.250,1,1,1.000,0,6,6,2,1,1,5,0,16,7.5,-25
7,7,2021-01-03,25-299,CHI,,DAL,W (+10),1,38:40,14,25,.560,3,9,.333,8,9,.889,0,6,6,5,3,0,4,4,39,29.4,+6
8,8,2021-01-05,25-301,CHI,@,POR,W (+3),1,42:39,6,18,.333,3,10,.300,3,3,1.000,0,4,4,9,0,2,4,2,18,11.9,+1
9,9,2021-01-06,25-302,CHI,@,SAC,L (-4),1,36:23,13,24,.542,3,11,.273,3,5,.600,0,7,7,3,0,1,6,3,32,17.3,-4
10,10,2021-01-08,25-304,CHI,@,LAL,L (-2),1,38:23,14,22,.636,4,7,.571,6,6,1.000,0,5,5,6,2,0,0,1,38,35.5,+8
11,11,2021-01-10,25-306,CHI,@,LAC,L (-3),1,41:56,15,26,.577,10,16,.625,5,5,1.000,0,7,7,7,0,0,5,4,45,33.2,-3
12,12,2021-01-15,25-311,CHI,@,OKC,L (-2),1,42:31,11,19,.579,8,14,.571,5,9,.556,1,6,7,6,1,0,6,3,35,25.0,-14
13,13,2021-01-17,25-313,CHI,@,DAL,W (+16),1,31:18,1,8,.125,0,5,.000,8,8,1.000,0,0,0,10,3,0,2,3,10,11.6,+11
14,14,2021-01-18,25-314,CHI,,HOU,W (+5),1,36:43,11,16,.688,4,8,.500,7,8,.875,0,4,4,7,2,1,5,2,33,28.8,-3
15,15,2021-01-22,25-318,CHI,@,CHO,W (+13),1,36:12,8,12,.667,3,6,.500,6,6,1.000,2,4,6,9,1,1,2,1,25,28.0,+8
16,16,2021-01-23,25-319,CHI,,LAL,L (-11),1,36:14,9,23,.391,1,6,.167,2,2,1.000,3,7,10,4,1,0,7,5,21,7.5,-14
17,17,2021-01-25,25-321,CHI,,BOS,L (-16),1,34:15,11,19,.579,6,10,.600,2,2,1.000,1,5,6,3,0,2,6,2,30,20.0,-21
18,18,2021-01-30,25-326,CHI,,POR,L (-1),1,34:56,9,12,.750,6,8,.750,2,2,1.000,0,7,7,4,2,0,6,1,26,21.7,+6
19,19,2021-02-01,25-328,CHI,,NYK,W (+8),1,32:11,8,16,.500,3,6,.500,2,2,1.000,0,5,5,3,1,0,1,4,21,15.0,-1
20,20,2021-02-03,25-330,CHI,,NYK,L (-4),1,37:56,10,21,.476,0,7,.000,4,4,1.000,2,3,5,7,0,0,2,2,24,17.7,-8
21,21,2021-02-05,25-332,CHI,@,ORL,L (-4),1,36:21,9,21,.429,1,5,.200,7,7,1.000,0,4,4,8,1,0,1,2,26,20.9,-2
22,22,2021-02-06,25-333,CHI,@,ORL,W (+26),1,33:11,16,25,.640,5,6,.833,2,5,.400,2,5,7,4,0,0,2,2,39,29.6,+26
23,23,2021-02-08,25-335,CHI,,WAS,L (-4),1,37:34,12,26,.462,3,8,.375,8,11,.727,1,1,2,6,1,0,3,4,35,22.0,-7
24,24,2021-02-10,25-337,CHI,,NOP,W (+13),1,37:34,17,25,.680,9,14,.643,3,3,1.000,1,6,7,4,0,1,5,0,46,36.3,+20
25,25,2021-02-12,25-339,CHI,,LAC,L (-19),1,34:12,11,21,.524,4,7,.571,0,0,,2,7,9,6,0,0,2,2,26,20.6,-17
26,26,2021-02-15,25-342,CHI,@,IND,W (+8),1,38:21,11,25,.440,4,9,.444,4,6,.667,3,6,9,3,0,0,4,3,30,16.9,+5
27,27,2021-02-17,25-344,CHI,,DET,W (+3),1,35:16,14,22,.636,4,6,.667,5,7,.714,1,4,5,5,3,0,5,3,37,28.6,+1
28,28,2021-02-19,25-346,CHI,@,PHI,L (-7),1,37:57,9,28,.321,2,10,.200,10,10,1.000,1,4,5,5,2,1,4,4,30,16.5,-13
29,29,2021-02-20,25-347,CHI,,SAC,W (+8),1,35:52,15,20,.750,3,6,.500,5,5,1.000,0,4,4,3,2,0,3,3,38,31.1,+15
30,30,2021-02-22,25-349,CHI,@,HOU,W (+20),1,31:48,7,14,.500,4,6,.667,3,3,1.000,0,5,5,6,0,0,2,3,21,16.5,+36
31,31,2021-02-24,25-351,CHI,,MIN,W (+7),1,41:11,14,21,.667,5,8,.625,2,2,1.000,0,2,2,2,0,0,7,1,35,20.5,-4
32,32,2021-02-26,25-353,CHI,,PHO,L (-9),1,33:02,9,16,.563,4,8,.500,2,4,.500,0,1,1,4,0,0,5,4,24,12.1,-10
33,33,2021-03-01,25-356,CHI,,DEN,L (-6),1,31:52,9,20,.450,1,8,.125,4,6,.667,1,8,9,5,1,1,4,3,23,14.9,-20
34,34,2021-03-03,25-358,CHI,@,NOP,W (+4),1,35:01,12,19,.632,4,8,.500,8,8,1.000,1,1,2,8,2,0,4,1,36,31.7,+15
35,35,2021-03-11,26-001,CHI,,PHI,L (-22),1,32:03,7,16,.438,1,5,.200,4,4,1.000,0,4,4,7,0,0,4,1,19,12.3,-15
36,36,2021-03-12,26-002,CHI,,MIA,L (-11),1,37:36,10,16,.625,6,8,.750,4,4,1.000,0,6,6,6,0,2,5,3,30,24.0,-9
37,37,2021-03-14,26-004,CHI,,TOR,W (+23),1,33:32,4,10,.400,1,5,.200,6,8,.750,0,6,6,3,0,1,3,1,15,10.0,+16
38,38,2021-03-16,26-006,CHI,,OKC,W (+21),1,30:58,15,20,.750,7,12,.583,3,3,1.000,1,2,3,2,1,0,1,2,40,33.9,+36
39,39,2021-03-17,26-007,CHI,,SAS,L (-7),1,37:43,12,21,.571,3,7,.429,2,3,.667,0,6,6,6,1,1,2,3,29,23.2,+5
40,40,2021-03-19,26-009,CHI,@,DEN,L (-4),1,37:39,10,20,.500,3,9,.333,9,9,1.000,0,2,2,4,0,0,3,2,32,21.6,-1
41,41,2021-03-21,26-011,CHI,@,DET,W (+14),1,32:31,6,16,.375,3,7,.429,3,3,1.000,0,3,3,1,0,1,4,0,18,7.5,+12
42,42,2021-03-22,26-012,CHI,,UTA,L (-25),1,32:27,10,25,.400,4,10,.400,3,3,1.000,1,6,7,4,0,0,3,2,27,15.0,-5
43,43,2021-03-24,26-014,CHI,,CLE,L (-9),1,34:15,8,20,.400,4,9,.444,2,2,1.000,0,3,3,4,0,1,5,3,22,9.4,-12
44,44,2021-03-27,26-017,CHI,@,SAS,L (-16),1,28:05,6,15,.400,1,5,.200,5,6,.833,0,3,3,1,0,0,2,0,18,9.1,-17
45,45,2021-03-29,26-019,CHI,@,GSW,L (-14),1,31:35,4,16,.250,1,7,.143,3,4,.750,1,3,4,4,0,0,4,4,12,0.8,-12
46,,2021-03-31,26-021,CHI,@,PHO,L (-5),Inactive,,,,,,,,,,,,,,,,,,,,,
47,46,2021-04-02,26-023,CHI,@,UTA,L (-7),1,31:09,10,22,.455,2,8,.250,1,2,.500,0,5,5,3,0,0,2,1,23,12.4,-12
48,47,2021-04-04,26-025,CHI,,BRK,W (+8),1,35:17,8,17,.471,1,5,.200,8,12,.667,1,2,3,5,0,0,2,1,25,17.1,+1
49,48,2021-04-06,26-027,CHI,@,IND,W (+16),1,35:57,6,18,.333,4,12,.333,3,4,.750,1,7,8,6,0,1,3,0,19,13.1,+16
50,49,2021-04-08,26-029,CHI,@,TOR,W (+9),1,37:31,8,16,.500,2,8,.250,4,5,.800,0,6,6,13,3,1,5,2,22,22.4,+20
51,50,2021-04-09,26-030,CHI,@,ATL,L (-12),1,38:44,18,31,.581,7,12,.583,7,8,.875,1,7,8,5,0,0,3,1,50,38.0,-3
52,51,2021-04-11,26-032,CHI,@,MIN,L (-4),1,35:40,13,28,.464,4,12,.333,0,1,.000,0,7,7,6,0,1,1,2,30,20.4,-3
53,52,2021-04-12,26-033,CHI,@,MEM,L (-11),1,36:21,5,14,.357,2,8,.250,9,11,.818,1,3,4,9,0,2,4,2,21,16.9,-7
54,53,2021-04-14,26-035,CHI,,ORL,L (-9),1,38:59,11,22,.500,6,12,.500,2,2,1.000,0,5,5,7,1,2,4,4,30,22.2,+9
55,,2021-04-16,26-037,CHI,,MEM,L (-11),Inactive,,,,,,,,,,,,,,,,,,,,,
56,,2021-04-17,26-038,CHI,,CLE,W (+10),Inactive,,,,,,,,,,,,,,,,,,,,,
57,,2021-04-19,26-040,CHI,@,BOS,W (+6),Inactive,,,,,,,,,,,,,,,,,,,,,
58,,2021-04-21,26-042,CHI,@,CLE,L (-16),Inactive,,,,,,,,,,,,,,,,,,,,,
59,,2021-04-22,26-043,CHI,,CHO,W (+17),Inactive,,,,,,,,,,,,,,,,,,,,,
60,,2021-04-24,26-045,CHI,@,MIA,L (-5),Inactive,,,,,,,,,,,,,,,,,,,,,
61,,2021-04-26,26-047,CHI,@,MIA,W (+8),Inactive,,,,,,,,,,,,,,,,,,,,,
62,,2021-04-28,26-049,CHI,@,NYK,L (-19),Inactive,,,,,,,,,,,,,,,,,,,,,
63,,2021-04-30,26-051,CHI,,MIL,L (-10),Inactive,,,,,,,,,,,,,,,,,,,,,
64,,2021-05-01,26-052,CHI,@,ATL,L (-11),Inactive,,,,,,,,,,,,,,,,,,,,,
65,,2021-05-03,26-054,CHI,,PHI,L (-12),Inactive,,,,,,,,,,,,,,,,,,,,,
66,54,2021-05-06,26-057,CHI,@,CHO,W (+21),1,27:27,5,11,.455,3,8,.375,0,0,,0,3,3,2,0,0,4,2,13,4.8,+8
67,55,2021-05-07,26-058,CHI,,BOS,W (+22),1,32:40,10,24,.417,3,9,.333,2,2,1.000,3,2,5,2,2,0,0,2,25,17.5,+4
68,56,2021-05-09,26-060,CHI,@,DET,W (+12),1,35:36,10,16,.625,3,5,.600,7,7,1.000,0,3,3,6,0,0,1,4,30,25.3,+19
69,57,2021-05-11,26-062,CHI,,BRK,L (-8),1,36:32,15,27,.556,6,11,.545,5,7,.714,1,2,3,1,1,0,2,4,41,26.7,-10
70,58,2021-05-13,26-064,CHI,,TOR,W (+12),1,34:33,8,15,.533,3,7,.429,5,6,.833,0,5,5,2,0,0,3,2,24,15.4,+2
71,,2021-05-15,26-066,CHI,@,BRK,L (-14),Inactive,,,,,,,,,,,,,,,,,,,,,
72,,2021-05-16,26-067,CHI,,MIL,W (+6),Inactive,,,,,,,,,,,,,,,,,,,,,
1,1,2021-10-20,26-224,CHI,@,DET,W (+6),1,35:20,11,17,.647,1,5,.200,11,11,1.000,0,7,7,4,1,1,2,2,34,30.3,+8
2,2,2021-10-22,26-226,CHI,,NOP,W (+16),1,31:31,11,19,.579,6,9,.667,4,5,.800,1,5,6,5,0,1,6,0,32,23.1,+7
3,3,2021-10-23,26-227,CHI,,DET,W (+15),1,33:06,6,18,.333,2,6,.333,0,0,,0,4,4,5,0,0,2,1,14,6.1,+11
4,4,2021-10-25,26-229,CHI,@,TOR,W (+3),1,35:20,7,16,.438,3,7,.429,5,5,1.000,0,4,4,5,1,0,2,1,22,16.9,0
5,5,2021-10-28,26-232,CHI,,NYK,L (-1),1,34:55,7,17,.412,2,6,.333,9,9,1.000,0,5,5,3,0,1,3,3,25,16.0,+6
6,6,2021-10-30,26-234,CHI,,UTA,W (+8),1,34:27,9,19,.474,1,4,.250,7,8,.875,3,2,5,5,0,0,0,3,26,20.9,-10
7,7,2021-11-01,26-236,CHI,@,BOS,W (+14),1,38:24,9,20,.450,1,8,.125,7,7,1.000,0,3,3,7,1,0,1,3,26,20.2,+12
8,8,2021-11-03,26-238,CHI,@,PHI,L (-5),1,37:59,11,24,.458,2,7,.286,3,4,.750,0,9,9,1,1,0,5,0,27,13.6,-15
9,9,2021-11-06,26-241,CHI,,PHI,L (-9),1,38:03,12,26,.462,3,10,.300,5,8,.625,1,8,9,3,0,0,4,2,32,17.8,-14
10,10,2021-11-08,26-243,CHI,,BRK,W (+23),1,33:23,10,17,.588,0,4,.000,4,4,1.000,1,4,5,5,1,1,1,0,24,22.2,+10
11,11,2021-11-10,26-245,CHI,,DAL,W (+10),1,31:47,8,12,.667,2,2,1.000,5,6,.833,0,3,3,3,1,0,1,3,23,19.2,+11
12,12,2021-11-12,26-247,CHI,@,GSW,L (-26),1,34:27,10,17,.588,2,4,.500,1,2,.500,0,6,6,0,1,0,7,2,23,9.7,-19
13,13,2021-11-14,26-249,CHI,@,LAC,W (+10),1,37:57,11,27,.407,6,13,.462,1,1,1.000,0,8,8,2,0,0,4,1,29,13.9,+12
14,14,2021-11-15,26-250,CHI,@,LAL,W (+18),1,34:08,10,22,.455,6,13,.462,0,0,,1,4,5,5,0,0,2,2,26,17.2,+33
15,15,2021-11-17,26-252,CHI,@,POR,L (-5),1,37:22,11,20,.550,7,12,.583,1,2,.500,0,6,6,2,0,1,4,0,30,19.9,-10
16,16,2021-11-19,26-254,CHI,@,DEN,W (+6),1,36:49,14,24,.583,4,9,.444,4,4,1.000,0,5,5,4,1,0,2,1,36,27.7,+9
17,17,2021-11-21,26-256,CHI,,NYK,W (+6),1,36:10,7,20,.350,0,5,.000,7,7,1.000,0,6,6,4,1,1,2,2,21,13.3,-8
18,18,2021-11-22,26-257,CHI,,IND,L (-32),1,26:23,7,18,.389,3,7,.429,0,1,.000,1,1,2,3,0,0,3,0,17,6.9,-34
19,19,2021-11-24,26-259,CHI,@,HOU,L (-5),1,36:06,11,22,.500,3,9,.333,3,5,.600,0,2,2,4,1,1,3,2,28,17.5,-2
20,20,2021-11-26,26-261,CHI,@,ORL,W (+35),1,28:30,8,14,.571,3,7,.429,2,2,1.000,0,4,4,5,0,0,0,0,21,19.1,+6
21,21,2021-11-27,26-262,CHI,,MIA,L (-3),1,36:46,6,16,.375,4,10,.400,0,0,,0,4,4,2,1,0,2,4,16,7.2,-4
22,22,2021-11-29,26-264,CHI,,CHO,W (+14),1,35:04,10,18,.556,2,7,.286,3,4,.750,0,6,6,5,0,0,2,1,25,18.9,+26
23,23,2021-12-02,26-267,CHI,@,NYK,W (+4),1,34:59,9,18,.500,3,6,.500,6,6,1.000,1,6,7,5,1,1,3,1,27,22.3,+7
24,24,2021-12-04,26-269,CHI,@,BRK,W (+4),1,37:25,9,20,.450,2,9,.222,11,13,.846,0,8,8,6,0,1,0,1,31,26.7,-4
25,25,2021-12-06,26-271,CHI,,DEN,W (+12),1,38:41,13,23,.565,3,9,.333,3,4,.750,0,3,3,8,1,0,3,3,32,24.0,+17
26,26,2021-12-08,26-273,CHI,@,CLE,L (-23),1,35:12,9,21,.429,1,3,.333,4,7,.571,0,4,4,9,0,0,4,3,23,13.0,-22
27,27,2021-12-11,26-276,CHI,@,MIA,L (-26),1,37:43,11,20,.550,7,11,.636,4,5,.800,0,7,7,4,1,0,4,2,33,24.1,-7
28,,2021-12-19,26-284,CHI,,LAL,W (+5),Inactive,,,,,,,,,,,,,,,,,,,,,
29,,2021-12-20,26-285,CHI,,HOU,W (+15),Inactive,,,,,,,,,,,,,,,,,,,,,
30,28,2021-12-26,26-291,CHI,,IND,W (+8),1,33:05,12,18,.667,5,9,.556,3,5,.600,0,4,4,5,1,1,4,3,32,24.6,+10
31,29,2021-12-27,26-292,CHI,@,ATL,W (+12),1,37:17,11,22,.500,5,8,.625,3,3,1.000,1,3,4,9,1,0,2,0,30,25.9,+18
32,30,2021-12-29,26-294,CHI,,ATL,W (+14),1,31:53,10,13,.769,5,7,.714,0,0,,0,2,2,5,0,0,4,1,25,19.6,+16
33,31,2021-12-31,26-296,CHI,@,IND,W (+2),1,35:57,7,17,.412,0,3,.000,3,3,1.000,1,5,6,4,1,2,4,2,17,10.5,-8
34,32,2022-01-01,26-297,CHI,@,WAS,W (+1),1,37:53,11,22,.500,7,12,.583,6,6,1.000,0,5,5,3,0,0,4,2,35,22.8,+5
35,33,2022-01-03,26-299,CHI,,ORL,W (+4),1,34:22,8,19,.421,4,9,.444,7,7,1.000,0,3,3,0,1,0,3,2,27,15.0,-10
36,34,2022-01-07,26-303,CHI,,WAS,W (+8),1,33:10,9,18,.500,1,6,.167,8,8,1.000,0,1,1,3,1,0,4,2,27,16.6,+7
37,35,2022-01-09,26-305,CHI,@,DAL,L (-14),1,34:32,7,21,.333,2,7,.286,4,4,1.000,0,2,2,2,2,0,4,3,20,6.9,-11
38,36,2022-01-11,26-307,CHI,,DET,W (+46),1,29:05,3,10,.300,2,5,.400,2,2,1.000,0,9,9,7,1,0,1,1,10,11.4,+28
39,37,2022-01-12,26-308,CHI,,BRK,L (-26),1,32:52,8,13,.615,2,4,.500,4,4,1.000,0,1,1,6,1,1,5,1,22,16.9,-19
40,38,2022-01-14,26-310,CHI,,GSW,L (-42),1,3:32,0,0,,0,0,,0,0,,1,0,1,0,0,0,1,1,0,-0.7,-4
41,,2022-01-15,26-311,CHI,@,BOS,L (-2),Inactive,,,,,,,,,,,,,,,,,,,,,
42,,2022-01-17,26-313,CHI,@,MEM,L (-13),Inactive,,,,,,,,,,,,,,,,,,,,,
43,,2022-01-19,26-315,CHI,,CLE,W (+13),Inactive,,,,,,,,,,,,,,,,,,,,,
44,,2022-01-21,26-317,CHI,@,MIL,L (-4),Inactive,,,,,,,,,,,,,,,,,,,,,
45,,2022-01-23,26-319,CHI,@,ORL,L (-19),Inactive,,,,,,,,,,,,,,,,,,,,,
46,39,2022-01-24,26-320,CHI,@,OKC,W (+1),1,35:01,6,19,.316,3,10,.300,8,10,.800,0,7,7,7,2,1,3,0,23,18.0,-4
47,40,2022-01-26,26-322,CHI,,TOR,W (+6),1,37:54,9,16,.563,1,5,.200,4,4,1.000,0,8,8,8,1,0,3,4,23,19.8,+15
48,41,2022-01-28,26-324,CHI,@,SAS,L (-9),1,34:53,10,23,.435,2,10,.200,8,9,.889,0,4,4,4,0,1,2,1,30,19.8,-7
49,42,2022-01-30,26-326,CHI,,POR,W (+14),1,32:44,7,18,.389,3,9,.333,3,4,.750,0,2,2,4,1,1,0,2,20,14.1,+7
50,43,2022-02-01,26-328,CHI,,ORL,W (+11),1,35:39,8,17,.471,2,5,.400,8,8,1.000,0,5,5,3,0,0,3,1,26,17.5,+2
51,44,2022-02-03,26-330,CHI,@,TOR,L (-7),1,42:08,6,10,.600,2,4,.500,1,2,.500,0,5,5,7,2,1,2,5,15,15.1,+4
52,,2022-02-04,26-331,CHI,@,IND,W (+7),Inactive,,,,,,,,,,,,,,,,,,,,,
53,,2022-02-06,26-333,CHI,,PHI,L (-11),Inactive,,,,,,,,,,,,,,,,,,,,,
54,45,2022-02-07,26-334,CHI,,PHO,L (-3),1,37:05,9,20,.450,4,7,.571,10,10,1.000,1,5,6,8,0,0,2,2,32,26.6,-3
55,46,2022-02-09,26-336,CHI,@,CHO,W (+12),1,40:19,8,18,.444,5,10,.500,6,7,.857,0,6,6,5,0,0,2,2,27,19.7,+19
56,47,2022-02-11,26-338,CHI,,MIN,W (+12),1,36:44,5,14,.357,1,6,.167,1,3,.333,0,4,4,6,0,1,4,2,12,4.7,+10
57,,2022-02-12,26-339,CHI,,OKC,W (+5),Inactive,,,,,,,,,,,,,,,,,,,,,
58,,2022-02-14,26-341,CHI,,SAS,W (+11),Inactive,,,,,,,,,,,,,,,,,,,,,
59,,2022-02-16,26-343,CHI,,SAC,W (+7),Inactive,,,,,,,,,,,,,,,,,,,,,
60,48,2022-02-24,26-351,CHI,,ATL,W (+4),1,35:51,7,17,.412,2,8,.250,4,4,1.000,0,5,5,3,0,0,1,1,20,13.1,+5
61,49,2022-02-26,26-353,CHI,,MEM,L (-6),1,38:00,9,19,.474,3,3,1.000,7,7,1.000,0,4,4,6,1,0,3,4,28,20.1,-12
62,50,2022-02-28,26-355,CHI,@,MIA,L (-13),1,32:48,8,16,.500,2,8,.250,4,6,.667,1,3,4,4,0,0,3,4,22,13.0,-18
63,51,2022-03-03,26-358,CHI,@,ATL,L (-6),1,34:29,8,14,.571,4,7,.571,2,2,1.000,0,3,3,7,0,1,4,3,22,16.7,-17
64,52,2022-03-04,26-359,CHI,,MIL,L (-6),1,38:19,13,26,.500,3,10,.300,1,3,.333,0,8,8,6,1,0,1,3,30,21.6,+6
65,53,2022-03-07,26-362,CHI,@,PHI,L (-15),1,37:06,8,19,.421,3,6,.500,5,8,.625,2,6,8,5,0,0,5,4,24,12.8,-6
66,54,2022-03-09,26-364,CHI,@,DET,W (+6),1,37:42,7,14,.500,1,7,.143,10,11,.909,1,4,5,1,1,0,2,2,25,18.4,+4
67,,2022-03-12,27-002,CHI,,CLE,W (+10),Inactive,,,,,,,,,,,,,,,,,,,,,
68,55,2022-03-14,27-004,CHI,@,SAC,L (-9),1,36:00,8,18,.444,2,7,.286,9,9,1.000,1,2,3,6,0,1,2,1,27,21.4,-21
69,56,2022-03-16,27-006,CHI,@,UTA,L (-15),1,33:07,11,20,.550,5,10,.500,6,8,.750,0,2,2,5,3,1,1,3,33,28.2,-1
70,57,2022-03-18,27-008,CHI,@,PHO,L (-27),1,29:58,1,7,.143,0,1,.000,10,12,.833,0,2,2,9,0,0,2,0,12,11.6,-25
71,58,2022-03-21,27-011,CHI,,TOR,W (+14),1,35:05,9,18,.500,3,6,.500,5,8,.625,2,4,6,6,1,0,0,0,26,23.6,+19
72,59,2022-03-22,27-012,CHI,@,MIL,L (-28),1,33:46,6,16,.375,4,7,.571,5,6,.833,0,3,3,7,1,0,2,1,21,16.2,-12
73,60,2022-03-24,27-014,CHI,@,NOP,L (-17),1,39:46,12,23,.522,4,11,.364,11,13,.846,0,3,3,3,1,1,5,1,39,26.2,-1
74,61,2022-03-26,27-016,CHI,@,CLE,W (+4),1,38:45,8,17,.471,2,7,.286,7,8,.875,0,1,1,3,1,0,2,0,25,17.3,+7
75,62,2022-03-28,27-018,CHI,@,NYK,L (-5),1,36:13,8,17,.471,2,7,.286,9,10,.900,0,4,4,3,0,0,0,2,27,20.4,-2
76,63,2022-03-29,27-019,CHI,@,WAS,W (+13),1,34:15,4,10,.400,2,5,.400,4,6,.667,0,4,4,1,0,0,3,2,14,5.9,-3
77,64,2022-03-31,27-021,CHI,,LAC,W (+5),1,40:39,5,17,.294,1,6,.167,10,13,.769,0,4,4,5,1,0,2,2,21,12.8,-1
78,65,2022-04-02,27-023,CHI,,MIA,L (-18),1,34:52,11,21,.524,5,12,.417,6,6,1.000,2,3,5,2,1,0,1,3,33,25.2,-6
79,,2022-04-05,27-026,CHI,,MIL,L (-21),Inactive,,,,,,,,,,,,,,,,,,,,,
80,66,2022-04-06,27-027,CHI,,BOS,L (-23),1,27:11,2,9,.222,0,5,.000,3,3,1.000,0,2,2,4,0,1,2,2,7,2.8,-24
81,67,2022-04-08,27-029,CHI,,CHO,L (-16),1,30:08,9,15,.600,2,4,.500,3,3,1.000,0,4,4,7,0,0,1,2,23,20.4,-19
82,,2022-04-10,27-031,CHI,@,MIN,W (+4),Inactive,,,,,,,,,,,,,,,,,,,,,
1,,2022-10-19,27-223,CHI,@,MIA,W (+8),Inactive,,,,,,,,,,,,,,,,,,,,,
2,,2022-10-21,27-225,CHI,@,WAS,L (-2),Inactive,,,,,,,,,,,,,,,,,,,,,
3,1,2022-10-22,27-226,CHI,,CLE,L (-32),1,28:20,9,17,.529,2,6,.333,3,4,.750,0,3,3,4,2,0,0,2,23,19.2,-19
4,2,2022-10-24,27-228,CHI,,BOS,W (+18),1,32:19,5,15,.333,3,5,.600,6,7,.857,0,2,2,2,1,1,3,0,19,10.8,+4
5,3,2022-10-26,27-230,CHI,,IND,W (+15),1,34:37,6,13,.462,6,8,.750,10,12,.833,0,6,6,5,1,0,5,1,28,21.4,+12
6,,2022-10-28,27-232,CHI,@,SAS,L (-5),Inactive,,,,,,,,,,,,,,,,,,,,,
7,4,2022-10-29,27-233,CHI,,PHI,L (-5),1,33:45,8,19,.421,2,9,.222,2,2,1.000,0,2,2,3,0,0,2,4,20,9.0,-10
8,5,2022-11-01,27-236,CHI,@,BRK,W (+9),1,37:13,10,21,.476,5,11,.455,4,4,1.000,1,2,3,5,0,0,1,2,29,21.3,+7
9,6,2022-11-02,27-237,CHI,,CHO,W (+18),1,31:57,4,16,.250,2,7,.286,0,0,,0,4,4,6,2,0,0,0,10,7.8,+19
10,7,2022-11-04,27-239,CHI,@,BOS,L (-4),1,36:40,6,13,.462,2,6,.333,2,3,.667,1,6,7,3,2,0,2,4,16,11.9,-11
11,,2022-11-06,27-241,CHI,@,TOR,L (-9),Inactive,,,,,,,,,,,,,,,,,,,,,
12,8,2022-11-07,27-242,CHI,,TOR,W (+14),1,32:12,11,20,.550,4,8,.500,4,5,.800,1,2,3,5,2,0,5,5,30,19.8,+4
13,9,2022-11-09,27-244,CHI,,NOP,L (-4),1,36:25,9,22,.409,3,12,.250,2,2,1.000,1,3,4,4,2,0,1,4,23,15.0,+1
14,10,2022-11-13,27-248,CHI,,DEN,L (-23),1,34:04,8,15,.533,1,6,.167,4,5,.800,1,4,5,4,1,0,3,3,21,14.8,-18
15,11,2022-11-16,27-251,CHI,@,NOP,L (-14),1,36:07,9,22,.409,4,11,.364,3,4,.750,0,3,3,5,0,0,3,2,25,13.4,-7
16,12,2022-11-18,27-253,CHI,,ORL,L (-1),1,25:13,1,14,.071,0,5,.000,2,2,1.000,1,4,5,2,0,0,1,0,4,-3.1,-19
17,13,2022-11-21,27-256,CHI,,BOS,W (+14),1,33:43,8,20,.400,5,10,.500,1,2,.500,2,3,5,5,2,0,3,5,22,13.6,+14
18,14,2022-11-23,27-258,CHI,@,MIL,W (+5),1,33:56,6,17,.353,3,11,.273,3,4,.750,1,4,5,5,1,0,1,4,18,11.9,-13
19,15,2022-11-25,27-260,CHI,@,OKC,L (-4),1,45:03,9,23,.391,4,11,.364,5,6,.833,2,3,5,5,1,0,4,4,27,15.3,-4
20,16,2022-11-28,27-263,CHI,@,UTA,W (+7),1,34:07,7,20,.350,1,6,.167,5,6,.833,0,6,6,5,1,0,1,1,20,13.3,+11
21,17,2022-11-30,27-265,CHI,@,PHO,L (-19),1,34:15,7,15,.467,1,6,.167,6,7,.857,1,3,4,7,0,0,1,0,21,18.4,-17
22,18,2022-12-02,27-267,CHI,@,GSW,L (-8),1,35:50,8,18,.444,3,7,.429,2,3,.667,1,6,7,3,2,0,3,5,21,12.8,-5
23,19,2022-12-04,27-269,CHI,@,SAC,L (-9),1,35:52,16,28,.571,3,9,.333,6,7,.857,2,6,8,2,4,0,2,1,41,33.6,+1
24,20,2022-12-07,27-272,CHI,,WAS,W (+4),1,34:15,8,19,.421,5,9,.556,4,4,1.000,0,7,7,5,2,0,6,1,25,16.1,+14
25,21,2022-12-10,27-275,CHI,,DAL,W (+29),1,26:32,7,11,.636,2,5,.400,0,0,,0,3,3,3,2,0,2,0,16,14.1,+8
26,22,2022-12-11,27-276,CHI,@,ATL,L (-1),1,39:15,9,16,.563,1,5,.200,2,3,.667,0,3,3,3,0,0,7,4,21,7.4,-8
27,23,2022-12-14,27-279,CHI,,NYK,L (-8),1,41:07,11,23,.478,2,8,.250,1,1,1.000,0,5,5,3,1,0,2,3,25,14.7,-3
28,24,2022-12-16,27-281,CHI,,NYK,L (-23),1,30:26,7,12,.583,3,5,.600,0,0,,0,3,3,3,0,0,5,4,17,7.8,-31
29,25,2022-12-18,27-283,CHI,@,MIN,L (-24),1,30:36,8,16,.500,3,6,.500,3,4,.750,0,1,1,6,0,0,2,2,22,15.3,-21
30,26,2022-12-20,27-285,CHI,@,MIA,W (+10),1,36:40,7,13,.538,3,8,.375,4,5,.800,1,5,6,7,1,0,2,0,21,20.4,+21
31,27,2022-12-21,27-286,CHI,@,ATL,W (+2),1,36:55,8,16,.500,1,2,.500,5,6,.833,0,5,5,5,1,0,2,1,22,17.2,-12
32,28,2022-12-23,27-288,CHI,@,NYK,W (+1),1,37:11,12,22,.545,4,9,.444,5,5,1.000,1,3,4,3,1,0,0,4,33,25.5,+3
33,29,2022-12-26,27-291,CHI,,HOU,L (-15),1,36:01,9,19,.474,2,6,.333,2,5,.400,0,3,3,5,0,0,0,1,22,15.1,-20
34,30,2022-12-28,27-293,CHI,,MIL,W (+6),1,42:40,8,18,.444,4,7,.571,4,5,.800,0,2,2,4,0,0,1,3,24,15.4,+10
35,31,2022-12-30,27-295,CHI,,DET,W (+14),1,38:26,15,20,.750,5,9,.556,8,8,1.000,0,3,3,6,2,0,4,1,43,37.7,+19
36,32,2022-12-31,27-296,CHI,,CLE,L (-1),1,36:12,6,16,.375,1,3,.333,2,2,1.000,0,4,4,2,0,0,3,2,15,5.0,+8
37,33,2023-01-02,27-298,CHI,@,CLE,L (-11),1,40:22,7,18,.389,3,9,.333,9,9,1.000,0,6,6,6,0,1,3,5,26,17.9,-12
38,34,2023-01-04,27-300,CHI,,BRK,W (+9),1,35:50,4,11,.364,1,4,.250,4,5,.800,1,4,5,4,0,2,2,0,13,10.6,+5
39,35,2023-01-06,27-302,CHI,@,PHI,W (+14),1,38:21,14,19,.737,11,13,.846,2,2,1.000,1,1,2,6,2,1,3,1,41,37.8,+17
40,36,2023-01-07,27-303,CHI,,UTA,W (+8),1,34:36,12,21,.571,6,12,.500,6,7,.857,1,6,7,2,0,1,5,3,36,24.1,-3
41,37,2023-01-09,27-305,CHI,@,BOS,L (-8),1,41:58,10,24,.417,4,13,.308,3,3,1.000,2,5,7,6,1,0,1,4,27,19.7,-12
42,38,2023-01-11,27-307,CHI,@,WAS,L (-3),1,40:42,15,28,.536,4,11,.364,4,7,.571,1,4,5,2,2,0,3,1,38,25.1,+5
43,39,2023-01-13,27-309,CHI,,OKC,L (-14),1,37:19,5,19,.263,1,8,.125,14,15,.933,0,6,6,5,0,0,2,0,25,16.6,-18
44,40,2023-01-15,27-311,CHI,,GSW,W (+14),1,40:22,7,18,.389,1,8,.125,12,14,.857,2,7,9,6,1,1,2,3,27,22.6,+10
45,41,2023-01-19,27-315,CHI,@,DET,W (+18),1,35:29,10,20,.500,2,6,.333,8,9,.889,1,4,5,4,1,0,2,1,30,22.9,+19
46,42,2023-01-23,27-319,CHI,,ATL,W (+11),1,34:47,7,17,.412,2,7,.286,4,7,.571,0,6,6,2,2,0,1,3,20,12.7,+1
47,43,2023-01-24,27-320,CHI,@,IND,L (-6),1,38:21,4,14,.286,0,7,.000,6,7,.857,1,2,3,4,0,0,6,2,14,2.7,-3
48,44,2023-01-26,27-322,CHI,@,CHO,L (-15),1,35:34,8,19,.421,1,4,.250,1,1,1.000,0,9,9,2,2,0,2,1,18,11.6,-25
49,45,2023-01-28,27-324,CHI,@,ORL,W (+19),1,36:45,11,18,.611,3,7,.429,7,7,1.000,0,3,3,2,0,0,1,1,32,24.7,+24
50,46,2023-01-31,27-327,CHI,,LAC,L (-5),1,38:56,6,14,.429,3,5,.600,3,5,.600,0,14,14,8,1,1,6,3,18,14.1,-7
51,47,2023-02-02,27-329,CHI,,CHO,W (+16),1,35:40,3,8,.375,1,4,.250,3,4,.750,0,1,1,4,3,1,3,3,10,7.8,+20
52,48,2023-02-04,27-331,CHI,,POR,W (+8),1,37:18,11,18,.611,5,10,.500,9,9,1.000,0,6,6,5,2,0,5,4,36,28.5,+27
53,49,2023-02-06,27-333,CHI,,SAS,W (+24),1,30:33,7,14,.500,1,5,.200,5,5,1.000,0,4,4,3,0,0,2,2,20,13.5,+6
54,50,2023-02-07,27-334,CHI,@,MEM,L (-15),1,40:13,6,13,.462,2,7,.286,10,17,.588,1,4,5,1,1,0,3,2,24,14.3,-10
55,51,2023-02-09,27-336,CHI,@,BRK,L (-11),1,39:54,16,25,.640,2,7,.286,4,6,.667,0,1,1,1,0,0,4,4,38,21.5,+2
56,52,2023-02-11,27-338,CHI,@,CLE,L (-8),1,36:02,8,16,.500,2,5,.400,5,5,1.000,0,5,5,2,1,1,5,3,23,13.4,-1
57,53,2023-02-13,27-340,CHI,,ORL,L (-9),1,40:16,9,20,.450,0,3,.000,8,8,1.000,1,8,9,5,0,0,5,3,26,16.0,-9
58,54,2023-02-15,27-342,CHI,@,IND,L (-4),1,42:37,10,23,.435,4,11,.364,11,13,.846,0,11,11,7,0,1,2,3,35,27.8,+6
59,55,2023-02-16,27-343,CHI,,MIL,L (-12),1,31:56,5,16,.313,1,5,.200,7,7,1.000,0,4,4,2,1,0,0,2,18,11.6,-15
60,56,2023-02-24,27-351,CHI,,BRK,W (+44),1,28:30,12,17,.706,4,6,.667,4,4,1.000,1,5,6,2,0,0,1,0,32,27.5,+35
61,57,2023-02-26,27-353,CHI,,WAS,W (+20),1,33:04,11,18,.611,2,4,.500,3,3,1.000,0,1,1,4,0,1,3,2,27,18.8,+2
62,58,2023-02-28,27-355,CHI,@,TOR,L (-6),1,37:47,6,12,.500,1,5,.200,4,4,1.000,0,2,2,3,1,1,2,0,17,13.4,-5
63,59,2023-03-01,27-356,CHI,@,DET,W (+2),1,36:53,14,20,.700,6,9,.667,7,7,1.000,0,1,1,0,1,1,2,3,41,31.4,+6
64,60,2023-03-03,27-358,CHI,,PHO,L (-21),1,36:58,8,21,.381,2,7,.286,9,11,.818,3,1,4,4,1,0,2,2,27,18.1,-15
65,61,2023-03-05,27-360,CHI,,IND,L (-3),1,38:13,13,23,.565,5,8,.625,11,13,.846,0,4,4,4,0,0,3,1,42,30.9,-1
66,62,2023-03-08,27-363,CHI,@,DEN,W (+21),1,33:59,12,18,.667,3,5,.600,2,2,1.000,0,5,5,4,2,0,1,2,29,25.7,+15
67,63,2023-03-11,28-001,CHI,@,HOU,W (+8),1,43:20,14,26,.538,3,8,.375,5,6,.833,1,7,8,5,1,0,4,2,36,25.5,+11
68,64,2023-03-15,28-005,CHI,,SAC,L (-3),1,35:52,7,22,.318,2,7,.286,9,9,1.000,1,4,5,6,0,0,2,0,25,16.5,-3
69,65,2023-03-17,28-007,CHI,,MIN,W (+8),1,46:33,15,25,.600,4,9,.444,5,5,1.000,1,3,4,5,0,0,2,1,39,30.2,+17
70,66,2023-03-18,28-008,CHI,,MIA,W (+14),1,38:19,7,12,.583,3,6,.500,1,1,1.000,1,3,4,7,0,1,1,2,18,17.8,+6
71,67,2023-03-20,28-010,CHI,@,PHI,W (+4),1,47:25,8,20,.400,2,9,.222,8,10,.800,1,1,2,7,3,1,3,1,26,20.6,+5
72,68,2023-03-22,28-012,CHI,,PHI,L (-25),1,34:30,6,15,.400,0,2,.000,4,5,.800,0,0,0,4,0,0,5,2,16,4.5,-20
73,69,2023-03-24,28-014,CHI,@,POR,W (+28),1,30:17,12,20,.600,6,9,.667,3,4,.750,2,2,4,8,0,1,3,2,33,27.9,+15
74,70,2023-03-26,28-016,CHI,@,LAL,W (+10),1,36:54,13,19,.684,2,5,.400,4,4,1.000,1,1,2,4,0,0,2,1,32,25.3,-5
75,71,2023-03-27,28-017,CHI,@,LAC,L (-12),1,32:18,8,14,.571,0,2,.000,7,9,.778,1,4,5,3,0,0,4,1,23,15.2,-14
76,72,2023-03-29,28-019,CHI,,LAL,L (-11),1,35:33,8,14,.571,0,2,.000,0,0,,0,2,2,6,3,0,5,3,16,11.0,-24
77,73,2023-03-31,28-021,CHI,@,CHO,W (+30),1,28:31,7,18,.389,3,6,.500,6,7,.857,0,3,3,3,1,0,1,1,23,15.4,+25
78,74,2023-04-02,28-023,CHI,,MEM,W (+21),1,34:42,13,19,.684,3,8,.375,7,8,.875,0,3,3,9,1,0,0,2,36,34.9,+25
79,75,2023-04-04,28-025,CHI,,ATL,L (-18),1,33:27,11,21,.524,1,7,.143,3,4,.750,0,3,3,6,1,0,2,2,26,18.6,-21
80,76,2023-04-05,28-026,CHI,@,MIL,L (-13),1,36:43,5,17,.294,1,8,.125,2,3,.667,0,5,5,7,0,1,0,1,13,9.4,-9
81,,2023-04-07,28-028,CHI,@,DAL,W (+3),Inactive,,,,,,,,,,,,,,,,,,,,,
82,77,2023-04-09,28-030,CHI,,DET,W (+22),1,26:24,6,15,.400,1,5,.200,4,4,1.000,0,3,3,2,0,0,1,1,17,9.8,+8
