Rk,G,Date,Age,Tm,,Opp,,GS,MP,FG,FGA,FG%,TPM,TPA,3P%,FT,FTA,FT%,ORB,DRB,TRB,AST,STL,BLK,TOV,PF,PTS,GmSc
1,1,1989-11-03,23-063,GSW,@,PHO,L (-30),1,23:00,0,7,.000,0,0,,0,0,,0,1,1,3,0,1,1,5,0,-4.8
2,2,1989-11-04,23-064,GSW,,HOU,L (-27),1,17:00,3,8,.375,0,1,.000,0,0,,1,2,3,2,1,0,5,2,6,-0.5
3,3,1989-11-14,23-074,GSW,@,MIN,L (-3),0,7:00,0,1,.000,0,0,,0,0,,0,1,1,1,0,0,1,1,0,-1.1
4,4,1989-11-15,23-075,GSW,@,CLE,L (-25),1,25:00,6,10,.600,0,0,,0,0,,1,4,5,4,0,0,1,0,12,11.1
5,5,1989-11-17,23-077,GSW,@,CHH,L (-1),1,26:00,1,5,.200,0,0,,0,2,.000,0,4,4,6,1,0,3,2,2,0.7
6,6,1989-11-18,23-078,GSW,@,ATL,L (-16),1,30:00,7,13,.538,0,2,.000,0,0,,1,2,3,9,3,0,3,2,14,14.5
7,7,1989-11-22,23-082,GSW,,SAC,W (+24),1,30:00,5,10,.500,0,0,,0,0,,0,1,1,12,0,0,0,0,10,13.7
8,8,1989-11-25,23-085,GSW,,CHI,L (-13),1,27:00,5,8,.625,0,0,,0,0,,1,6,7,8,4,0,4,1,10,14.1
9,9,1989-11-28,23-088,GSW,@,DEN,L (-21),1,33:00,6,11,.545,1,1,1.000,4,4,1.000,0,5,5,10,1,0,6,6,17,12.8
10,10,1989-11-29,23-089,GSW,,NYK,L (-18),1,37:00,9,14,.643,0,0,,1,2,.500,0,5,5,12,3,0,4,6,19,18.9
11,11,1989-12-01,23-091,GSW,@,POR,L (-13),1,37:00,5,12,.417,1,2,.500,6,8,.750,0,1,1,12,2,0,2,4,17,16.9
12,12,1989-12-02,23-092,GSW,,MIL,W (+3),1,41:00,7,11,.636,1,2,.500,0,3,.000,0,3,3,7,5,0,9,3,15,9.5
13,13,1989-12-05,23-095,GSW,@,DAL,L (-19),1,29:00,2,14,.143,0,1,.000,2,2,1.000,1,2,3,2,1,0,1,3,6,-1.5
14,14,1989-12-06,23-096,GSW,@,SAS,L (-2),1,39:00,6,13,.462,0,0,,0,0,,1,2,3,10,5,0,8,2,12,9.8
15,15,1989-12-08,23-098,GSW,,SAC,L (-5),1,39:00,6,10,.600,0,1,.000,5,11,.455,0,4,4,14,1,0,1,2,17,20.2
16,16,1989-12-12,23-102,GSW,@,SAC,W (+15),1,37:00,7,13,.538,0,1,.000,4,4,1.000,1,4,5,10,3,1,6,3,18,17.1
17,17,1989-12-13,23-103,GSW,,DEN,W (+20),1,24:00,5,10,.500,0,0,,5,5,1.000,0,3,3,11,1,0,2,3,15,16.4
18,18,1989-12-15,23-105,GSW,@,POR,W (+5),1,30:00,4,13,.308,0,1,.000,1,2,.500,0,3,3,7,0,0,3,3,9,2.7
19,19,1989-12-16,23-106,GSW,,DET,W (+12),1,33:00,6,13,.462,0,0,,0,0,,0,3,3,5,2,0,0,3,12,10.5
20,20,1989-12-20,23-110,GSW,,HOU,W (+6),1,36:00,7,13,.538,0,2,.000,6,6,1.000,1,4,5,14,4,0,4,3,20,24.2
21,21,1989-12-22,23-112,GSW,,IND,W (+26),1,29:00,4,12,.333,0,0,,2,2,1.000,3,0,3,8,5,0,2,1,10,13.5
22,22,1989-12-26,23-116,GSW,@,UTA,L (-15),1,25:00,4,10,.400,0,1,.000,0,0,,0,3,3,4,1,1,0,3,8,6.8
23,23,1989-12-28,23-118,GSW,@,LAC,L (-20),1,20:00,2,5,.400,0,0,,2,4,.500,0,2,2,1,0,0,1,3,6,1.6
24,24,1989-12-29,23-119,GSW,@,LAL,L (-19),1,36:00,5,9,.556,0,0,,0,2,.000,0,3,3,7,1,0,3,2,10,7.9
25,25,1990-01-02,23-123,GSW,,UTA,W (+13),1,36:00,3,12,.250,0,1,.000,5,5,1.000,0,5,5,9,3,0,5,2,11,8.8
26,26,1990-01-04,23-125,GSW,,MIA,W (+2),1,34:00,4,8,.500,0,0,,3,4,.750,1,7,8,8,2,1,3,3,11,13.5
27,27,1990-01-06,23-127,GSW,,LAL,W (+2),1,34:00,2,10,.200,0,1,.000,1,1,1.000,4,3,7,11,2,0,2,3,5,9.0
28,28,1990-01-08,23-129,GSW,,DEN,W (+17),1,34:00,8,12,.667,0,0,,3,3,1.000,1,9,10,19,1,0,3,2,19,27.7
29,29,1990-01-10,23-131,GSW,,DAL,W (+4),1,33:00,5,12,.417,1,1,1.000,4,4,1.000,1,4,5,7,1,0,2,3,15,13.2
30,30,1990-01-13,23-134,GSW,,ORL,W (+11),1,35:00,4,10,.400,0,2,.000,1,2,.500,1,3,4,12,0,0,4,2,9,8.4
31,31,1990-01-15,23-136,GSW,@,IND,L (-39),1,25:00,2,8,.250,1,1,1.000,0,0,,0,1,1,4,0,0,3,3,5,-0.9
32,32,1990-01-16,23-137,GSW,@,MIL,L (-8),1,32:00,6,8,.750,0,0,,0,0,,1,2,3,12,2,0,2,5,12,16.5
33,33,1990-01-18,23-139,GSW,@,CHI,L (-25),1,34:00,4,11,.364,0,0,,0,0,,2,5,7,14,3,0,3,1,8,14.2
34,34,1990-01-19,23-140,GSW,@,DET,L (-7),1,32:00,3,9,.333,0,1,.000,2,2,1.000,1,2,3,11,2,0,4,5,8,7.9
35,35,1990-01-21,23-142,GSW,@,BOS,W (+5),1,40:00,11,14,.786,0,0,,3,4,.750,0,3,3,10,5,0,8,3,25,22.9
36,36,1990-01-23,23-144,GSW,,MIN,W (+7),1,31:00,4,10,.400,0,1,.000,1,2,.500,0,1,1,4,1,0,1,2,9,5.5
37,37,1990-01-24,23-145,GSW,@,SAC,L (-30),1,24:00,4,8,.500,0,0,,0,0,,0,2,2,3,1,0,3,1,8,4.3
38,38,1990-01-26,23-147,GSW,,SEA,W (+12),1,35:00,9,12,.750,0,0,,5,9,.556,2,2,4,5,2,1,0,3,23,23.6
39,39,1990-01-31,23-152,GSW,,POR,W (+5),1,39:00,12,17,.706,1,1,1.000,2,2,1.000,1,7,8,10,1,0,7,2,27,22.9
40,40,1990-02-02,23-154,GSW,,NJN,W (+19),1,28:00,5,7,.714,0,0,,2,3,.667,2,8,10,14,1,0,2,3,12,20.1
41,41,1990-02-04,23-156,GSW,@,MIN,W (+10),1,42:00,8,14,.571,0,1,.000,5,7,.714,1,5,6,8,1,0,2,2,21,19.6
42,42,1990-02-05,23-157,GSW,@,WSB,L (-6),1,29:00,5,11,.455,0,0,,3,4,.750,1,1,2,5,2,0,3,2,13,9.6
43,43,1990-02-07,23-159,GSW,@,PHI,W (+1),1,39:00,7,15,.467,1,2,.500,6,8,.750,1,3,4,11,4,0,6,4,21,18.2
44,44,1990-02-08,23-160,GSW,@,NYK,L (-4),1,33:00,3,12,.250,0,1,.000,3,4,.750,1,6,7,6,0,0,2,6,9,3.7
45,45,1990-02-15,23-167,GSW,,WSB,W (+6),1,38:00,9,14,.643,0,0,,6,6,1.000,0,0,0,5,1,0,2,4,24,18.7
46,46,1990-02-16,23-168,GSW,@,PHO,L (-21),1,33:00,9,16,.563,0,1,.000,2,2,1.000,0,4,4,8,3,0,5,5,20,15.2
47,47,1990-02-18,23-170,GSW,,PHO,L (-18),1,33:00,5,10,.500,1,3,.333,2,2,1.000,1,2,3,9,2,0,5,5,13,10.6
48,48,1990-02-19,23-171,GSW,@,DEN,L (-5),1,35:00,8,20,.400,0,0,,0,0,,0,3,3,10,2,0,5,6,16,7.7
49,49,1990-02-21,23-173,GSW,,PHI,L (-1),1,34:00,8,14,.571,3,3,1.000,2,2,1.000,1,4,5,7,1,0,1,1,21,20.8
50,50,1990-02-23,23-175,GSW,,BOS,L (-12),1,38:00,8,13,.615,0,2,.000,6,7,.857,0,1,1,7,4,1,3,4,22,21.0
51,51,1990-02-25,23-177,GSW,@,SEA,L (-8),1,42:00,10,17,.588,0,0,,1,1,1.000,1,2,3,3,3,0,3,1,21,16.1
52,52,1990-02-28,23-180,GSW,,SAS,W (+9),1,44:00,3,12,.250,0,1,.000,5,6,.833,4,2,6,16,0,0,2,5,11,14.0
53,53,1990-03-02,23-182,GSW,@,SAS,L (-16),1,33:00,4,15,.267,1,2,.500,3,4,.750,0,1,1,4,4,0,2,2,12,7.0
54,54,1990-03-03,23-183,GSW,@,HOU,L (-20),1,29:00,8,18,.444,0,1,.000,0,0,,1,0,1,7,3,0,3,2,16,11.4
55,55,1990-03-05,23-185,GSW,,CHH,W (+21),1,34:00,5,9,.556,0,1,.000,3,3,1.000,0,4,4,11,4,2,3,2,13,19.2
56,56,1990-03-08,23-188,GSW,,CLE,W (+40),1,32:00,6,12,.500,0,1,.000,0,0,,0,1,1,18,2,0,1,2,12,19.1
57,57,1990-03-09,23-189,GSW,@,LAL,L (-16),1,27:00,7,14,.500,1,1,1.000,1,2,.500,2,5,7,4,2,0,4,2,16,11.5
58,58,1990-03-11,23-191,GSW,,SAC,W (+7),1,39:00,9,17,.529,0,2,.000,3,3,1.000,1,3,4,8,3,0,2,4,21,19.3
59,59,1990-03-12,23-192,GSW,@,LAC,W (+3),1,39:00,5,13,.385,0,2,.000,4,8,.500,1,4,5,12,4,0,6,2,14,12.8
60,60,1990-03-15,23-195,GSW,,POR,L (-7),1,33:00,8,13,.615,3,4,.750,1,2,.500,0,1,1,6,1,0,3,6,20,13.8
61,61,1990-03-18,23-198,GSW,,SEA,L (-5),1,44:00,8,20,.400,1,4,.250,2,2,1.000,1,4,5,14,5,1,8,3,19,16.4
62,62,1990-03-20,23-200,GSW,,MIN,W (+4),1,38:00,4,10,.400,0,1,.000,0,0,,0,2,2,8,3,1,5,1,8,7.1
63,63,1990-03-23,23-203,GSW,@,UTA,L (-15),1,29:00,3,9,.333,0,1,.000,1,2,.500,0,3,3,3,4,0,2,1,7,6.1
64,64,1990-03-24,23-204,GSW,@,HOU,W (+5),1,48:00,6,18,.333,0,2,.000,5,5,1.000,0,3,3,17,5,0,5,5,17,17.6
65,65,1990-03-27,23-207,GSW,@,DAL,L (-10),1,41:00,8,18,.444,0,2,.000,5,8,.625,2,5,7,12,2,1,2,6,21,20.0
66,66,1990-03-29,23-209,GSW,,UTA,W (+5),1,39:00,8,16,.500,1,1,1.000,6,9,.667,1,1,2,4,0,0,2,3,23,14.4
67,67,1990-03-30,23-210,GSW,@,SEA,L (-31),1,31:00,5,13,.385,0,3,.000,2,4,.500,1,0,1,5,1,0,5,3,12,3.1
68,68,1990-04-01,23-212,GSW,,ATL,L (-26),1,36:00,8,17,.471,0,1,.000,4,5,.800,0,1,1,11,1,0,4,2,20,15.1
69,69,1990-04-03,23-214,GSW,@,ORL,W (+1),1,41:00,9,18,.500,1,4,.250,6,10,.600,0,10,10,12,3,0,4,3,25,23.6
70,70,1990-04-04,23-215,GSW,@,MIA,W (+14),1,39:00,8,19,.421,0,0,,4,4,1.000,1,5,6,16,6,1,2,5,20,26.0
71,71,1990-04-06,23-217,GSW,@,NJN,W (+6),1,33:00,7,13,.538,1,2,.500,6,6,1.000,0,5,5,8,3,0,5,4,21,18.2
72,72,1990-04-08,23-219,GSW,@,CHH,L (-1),1,37:00,5,15,.333,0,0,,8,10,.800,0,4,4,6,1,0,3,3,18,10.9
73,73,1990-04-10,23-221,GSW,,SAS,L (-10),1,39:00,7,17,.412,0,1,.000,5,7,.714,0,2,2,15,2,0,4,3,19,17.0
74,74,1990-04-12,23-223,GSW,,DAL,L (-7),1,46:00,10,15,.667,1,1,1.000,7,8,.875,2,3,5,15,3,0,5,4,28,30.3
75,75,1990-04-13,23-224,GSW,@,LAL,L (-12),1,22:00,4,8,.500,0,1,.000,1,1,1.000,0,2,2,5,1,0,1,2,9,8.3
76,76,1990-04-16,23-227,GSW,,PHO,L (-12),1,36:00,5,17,.294,1,5,.200,6,7,.857,1,3,4,11,0,0,3,1,17,12.6
77,77,1990-04-18,23-229,GSW,,LAC,W (+13),1,42:00,8,13,.615,0,0,,6,7,.857,0,5,5,16,2,0,3,1,22,27.0
78,78,1990-04-20,23-231,GSW,@,PHO,L (-17),1,37:00,8,19,.421,0,2,.000,4,4,1.000,2,5,7,8,3,0,7,5,20,12.4
79,79,1990-04-22,23-233,GSW,,SEA,W (+2),1,43:00,10,18,.556,1,1,1.000,7,8,.875,2,6,8,6,3,0,5,4,28,22.8
1,1,1990-11-02,24-062,GSW,@,DEN,W (+4),1,39:00,14,24,.583,1,1,1.000,3,5,.600,0,5,5,18,2,0,4,4,32,30.5
2,2,1990-11-04,24-064,GSW,@,LAC,L (-2),1,41:00,8,18,.444,0,1,.000,2,4,.500,2,5,7,7,3,0,7,5,18,9.6
3,3,1990-11-06,24-066,GSW,,LAC,W (+21),1,31:00,5,11,.455,0,1,.000,2,4,.500,0,1,1,13,6,0,3,0,12,17.9
4,4,1990-11-07,24-067,GSW,@,PHO,L (-7),1,41:00,11,22,.500,1,3,.333,4,6,.667,1,3,4,12,5,0,7,4,27,21.6
5,5,1990-11-09,24-069,GSW,,ATL,W (+15),1,45:00,11,22,.500,1,2,.500,5,5,1.000,1,8,9,12,0,0,4,1,28,24.1
6,6,1990-11-10,24-070,GSW,@,SEA,W (+17),1,35:00,6,14,.429,1,3,.333,6,6,1.000,0,3,3,6,6,0,2,3,19,19.5
7,7,1990-11-13,24-073,GSW,,SAS,W (+4),1,42:00,7,22,.318,2,2,1.000,8,8,1.000,1,6,7,11,4,0,4,4,24,20.0
8,8,1990-11-15,24-075,GSW,,CHI,W (+10),1,42:00,9,19,.474,0,3,.000,5,6,.833,1,8,9,5,2,0,4,0,23,17.5
9,9,1990-11-17,24-077,GSW,,SAC,W (+1),1,39:00,11,20,.550,0,1,.000,10,11,.909,3,4,7,4,2,0,5,4,32,23.5
10,10,1990-11-18,24-078,GSW,@,LAL,L (-22),1,30:00,3,11,.273,0,0,,2,4,.500,0,0,0,9,1,0,4,4,8,2.4
11,11,1990-11-20,24-080,GSW,,ORL,W (+3),1,36:00,8,17,.471,2,2,1.000,5,5,1.000,2,4,6,11,2,0,3,2,23,22.8
12,12,1990-11-23,24-083,GSW,@,POR,L (-24),1,29:00,8,17,.471,0,1,.000,3,4,.750,2,1,3,6,2,0,3,3,19,13.6
13,13,1990-11-24,24-084,GSW,,NJN,L (-4),1,47:00,5,22,.227,0,3,.000,2,2,1.000,1,5,6,12,4,0,3,3,12,9.0
14,14,1990-11-27,24-087,GSW,@,WSB,L (-2),1,31:00,10,18,.556,1,2,.500,5,6,.833,1,1,2,4,3,0,4,6,26,17.4
15,15,1990-11-28,24-088,GSW,@,CLE,W (+2),1,44:00,10,16,.625,0,0,,3,4,.750,0,2,2,17,1,0,3,2,23,25.1
16,16,1990-11-30,24-090,GSW,@,ORL,W (+6),1,36:00,8,23,.348,0,0,,2,2,1.000,2,4,6,18,4,0,3,2,18,20.5
17,17,1990-12-01,24-091,GSW,@,MIA,W (+26),1,33:00,7,16,.438,2,2,1.000,2,4,.500,0,1,1,9,3,1,3,2,18,15.3
18,18,1990-12-05,24-095,GSW,,WSB,L (-6),1,39:00,6,17,.353,0,0,,4,6,.667,0,2,2,6,4,0,5,3,16,8.3
19,19,1990-12-07,24-097,GSW,,DET,W (+3),1,41:00,10,19,.526,2,2,1.000,0,0,,1,1,2,12,1,0,7,1,22,15.7
20,20,1990-12-11,24-101,GSW,@,UTA,L (-18),1,38:00,11,18,.611,1,2,.500,5,6,.833,1,2,3,7,5,0,3,4,28,26.0
21,21,1990-12-13,24-103,GSW,,SEA,W (+23),1,30:00,8,14,.571,0,0,,1,1,1.000,1,2,3,10,2,2,3,1,17,18.7
22,22,1990-12-15,24-105,GSW,,LAL,L (-2),1,41:00,10,24,.417,0,3,.000,2,2,1.000,1,3,4,13,3,0,1,5,22,19.9
23,23,1990-12-18,24-108,GSW,@,POR,L (-28),1,25:00,3,12,.250,0,1,.000,2,2,1.000,0,0,0,6,2,0,2,1,8,4.6
24,24,1990-12-20,24-110,GSW,,POR,W (+7),1,43:00,15,22,.682,3,5,.600,3,3,1.000,2,1,3,15,3,0,2,3,36,38.6
25,25,1990-12-22,24-112,GSW,,MIN,W (+13),1,39:00,9,15,.600,0,0,,4,4,1.000,0,3,3,8,3,0,2,3,22,21.4
26,26,1990-12-26,24-116,GSW,@,MIL,L (-7),1,35:00,12,20,.600,1,3,.333,2,3,.667,0,3,3,8,5,0,6,5,27,20.9
27,27,1990-12-27,24-117,GSW,@,CHI,L (-15),1,37:00,11,19,.579,2,3,.667,5,9,.556,3,0,3,8,1,0,2,2,29,24.4
28,28,1990-12-29,24-119,GSW,@,ATL,L (-4),1,45:00,11,18,.611,3,3,1.000,10,13,.769,0,2,2,8,1,0,6,5,35,24.8
29,29,1991-01-03,24-124,GSW,@,SAC,L (-18),1,35:00,5,13,.385,1,4,.250,2,4,.500,1,0,1,7,5,1,5,6,13,9.0
30,30,1991-01-04,24-125,GSW,,LAL,W (+16),1,43:00,12,25,.480,1,3,.333,4,5,.800,1,3,4,7,4,0,3,3,29,22.2
31,31,1991-01-06,24-127,GSW,@,LAL,L (-27),1,37:00,12,23,.522,0,2,.000,2,3,.667,3,1,4,9,5,0,3,4,26,23.4
32,32,1991-01-08,24-129,GSW,,DEN,W (+22),1,38:00,14,20,.700,1,3,.333,5,6,.833,1,2,3,12,2,0,4,1,34,32.5
33,33,1991-01-10,24-131,GSW,@,SEA,W (+10),1,42:00,10,18,.556,1,2,.500,2,6,.333,1,3,4,11,2,0,2,4,23,20.5
34,34,1991-01-12,24-133,GSW,,PHO,L (-9),1,14:00,1,9,.111,0,1,.000,0,0,,0,0,0,3,0,0,1,2,2,-3.6
35,35,1991-01-15,24-136,GSW,@,NJN,W (+1),1,42:00,13,29,.448,1,3,.333,8,8,1.000,3,5,8,10,1,0,3,5,35,26.5
36,36,1991-01-16,24-137,GSW,@,BOS,W (+5),1,43:00,13,23,.565,2,3,.667,9,9,1.000,0,3,3,10,0,0,1,0,37,33.0
37,37,1991-01-18,24-139,GSW,@,PHI,W (+3),1,52:00,15,24,.625,1,2,.500,9,9,1.000,1,4,5,14,2,0,4,1,40,38.5
38,38,1991-01-19,24-140,GSW,@,MIN,L (-8),1,43:00,8,23,.348,0,3,.000,2,3,.667,2,3,5,13,2,1,6,2,18,12.0
39,39,1991-01-22,24-143,GSW,,HOU,W (+7),1,42:00,8,18,.444,1,3,.333,9,11,.818,0,5,5,11,3,0,1,0,26,27.0
40,40,1991-01-25,24-146,GSW,,MIL,W (+29),1,42:00,11,17,.647,3,5,.600,6,6,1.000,0,5,5,14,4,0,2,1,31,36.4
41,41,1991-01-28,24-149,GSW,,NYK,W (+9),1,38:00,9,24,.375,0,3,.000,2,2,1.000,2,7,9,7,4,0,5,2,20,13.4
42,42,1991-01-31,24-152,GSW,,LAC,W (+16),1,40:00,8,17,.471,1,3,.333,7,10,.700,1,2,3,12,3,0,6,4,24,19.2
43,43,1991-02-01,24-153,GSW,@,POR,L (-20),1,42:00,8,18,.444,2,5,.400,0,2,.000,1,1,2,7,0,0,2,4,18,10.1
44,44,1991-02-03,24-155,GSW,@,HOU,L (-8),1,49:00,13,25,.520,1,3,.333,7,9,.778,2,5,7,10,2,0,1,6,34,29.4
45,45,1991-02-05,24-157,GSW,@,SAS,W (+6),1,44:00,10,21,.476,3,5,.600,0,0,,0,7,7,13,0,0,4,4,23,17.9
46,46,1991-02-07,24-159,GSW,@,DAL,L (-1),1,42:00,9,26,.346,1,4,.250,0,0,,2,4,6,6,3,1,1,2,19,13.1
47,47,1991-02-12,24-164,GSW,,MIN,W (+21),1,34:00,12,16,.750,0,2,.000,5,6,.833,3,3,6,8,3,0,1,3,29,31.6
48,48,1991-02-14,24-166,GSW,,BOS,L (-16),1,39:00,7,17,.412,2,2,1.000,2,3,.667,4,2,6,12,2,0,6,1,18,15.9
49,49,1991-02-16,24-168,GSW,,PHI,W (+9),1,45:00,9,19,.474,2,6,.333,6,6,1.000,1,2,3,11,4,0,2,3,26,26.1
50,50,1991-02-18,24-170,GSW,,DAL,L (-6),1,40:00,9,14,.643,1,3,.333,2,3,.667,4,3,7,5,1,0,5,1,21,17.2
51,51,1991-02-20,24-172,GSW,@,MIN,W (+3),1,38:00,9,18,.500,2,4,.500,3,3,1.000,0,2,2,12,0,1,0,2,23,22.9
52,52,1991-02-22,24-174,GSW,,UTA,L (-5),1,41:00,9,18,.500,0,2,.000,3,5,.600,1,3,4,9,2,0,3,2,21,17.3
53,53,1991-02-23,24-175,GSW,@,DEN,L (-5),1,32:00,11,21,.524,1,3,.333,3,3,1.000,1,4,5,3,2,0,2,4,26,18.1
54,54,1991-02-26,24-178,GSW,,ORL,L (-12),1,43:00,13,28,.464,3,10,.300,6,6,1.000,2,4,6,9,0,0,0,3,35,28.3
55,55,1991-02-27,24-179,GSW,@,UTA,L (-15),1,35:00,5,20,.250,2,3,.667,0,1,.000,1,4,5,7,4,0,2,6,12,6.0
56,56,1991-03-02,24-182,GSW,,CHH,W (+13),1,39:00,11,17,.647,3,3,1.000,5,6,.833,0,4,4,14,3,0,4,1,30,31.7
57,57,1991-03-04,24-184,GSW,,SEA,L (-6),1,43:00,5,19,.263,2,6,.333,5,7,.714,0,1,1,7,3,0,4,5,17,7.1
58,58,1991-03-05,24-185,GSW,@,SAC,L (-8),1,36:00,7,20,.350,2,6,.333,4,7,.571,2,2,4,5,0,0,3,6,20,7.7
59,59,1991-03-07,24-187,GSW,,CLE,W (+30),1,32:00,8,16,.500,0,4,.000,3,3,1.000,0,1,1,8,2,0,2,2,19,16.1
60,60,1991-03-10,24-190,GSW,,SAC,W (+10),1,40:00,9,19,.474,1,3,.333,6,6,1.000,0,4,4,11,3,0,0,2,25,26.4
61,61,1991-03-12,24-192,GSW,,IND,W (+12),1,43:00,11,17,.647,3,6,.500,1,2,.500,0,3,3,8,3,1,5,2,26,22.5
62,62,1991-03-14,24-194,GSW,,SAS,L (-2),1,45:00,8,25,.320,1,5,.200,1,2,.500,4,3,7,10,6,0,6,3,18,12.8
63,63,1991-03-16,24-196,GSW,@,DAL,W (+12),1,43:00,14,21,.667,1,4,.250,4,4,1.000,0,2,2,10,4,0,0,3,33,34.3
64,64,1991-03-17,24-197,GSW,@,HOU,L (-4),1,41:00,9,22,.409,3,8,.375,2,2,1.000,0,3,3,14,2,0,3,4,23,19.3
65,65,1991-03-19,24-199,GSW,,POR,W (+10),1,41:00,10,22,.455,4,7,.571,5,5,1.000,1,3,4,11,1,0,5,3,29,21.7
66,66,1991-03-21,24-201,GSW,,DEN,W (+20),1,39:00,7,14,.500,3,5,.600,9,9,1.000,1,7,8,12,2,0,3,2,26,28.4
67,67,1991-03-23,24-203,GSW,,LAC,L (-3),1,44:00,7,16,.438,2,6,.333,5,6,.833,1,2,3,12,2,0,3,2,21,20.1
68,68,1991-03-25,24-205,GSW,@,ORL,L (-9),1,46:00,16,30,.533,1,3,.333,0,0,,1,3,4,9,3,0,3,2,33,25.5
69,69,1991-03-26,24-206,GSW,@,CHH,L (-3),1,44:00,5,17,.294,2,8,.250,1,2,.500,0,6,6,11,2,0,6,4,13,6.6
70,70,1991-03-28,24-208,GSW,@,NYK,W (+2),1,45:00,7,20,.350,3,5,.600,0,0,,1,2,3,9,2,0,1,0,17,14.4
71,71,1991-03-29,24-209,GSW,@,DET,L (-6),1,39:00,10,22,.455,1,4,.250,4,6,.667,0,4,4,15,2,0,1,3,25,24.3
72,72,1991-03-31,24-211,GSW,@,IND,L (-7),1,53:00,11,29,.379,1,4,.250,4,7,.571,5,4,9,11,1,0,3,3,27,19.1
73,73,1991-04-03,24-214,GSW,,MIA,W (+13),1,42:00,7,11,.636,3,4,.750,3,3,1.000,0,2,2,13,8,1,7,3,20,25.3
74,74,1991-04-05,24-216,GSW,,PHO,W (+17),1,36:00,9,22,.409,0,2,.000,1,2,.500,0,3,3,6,4,0,5,2,19,10.1
75,75,1991-04-06,24-217,GSW,@,SAC,L (-11),1,42:00,8,21,.381,0,2,.000,1,3,.333,2,5,7,11,1,0,2,6,17,11.9
76,76,1991-04-08,24-219,GSW,@,SAS,L (-10),1,35:00,7,14,.500,1,3,.333,4,4,1.000,2,1,3,9,5,0,5,1,19,19.6
77,77,1991-04-09,24-220,GSW,@,PHO,L (-14),1,34:00,6,12,.500,1,2,.500,9,11,.818,0,2,2,7,0,0,4,1,22,16.3
78,78,1991-04-11,24-222,GSW,,HOU,W (+12),1,37:00,7,15,.467,0,1,.000,10,10,1.000,0,4,4,6,3,1,3,0,24,22.4
79,79,1991-04-13,24-224,GSW,,DAL,W (+18),1,27:00,4,10,.400,0,0,,2,2,1.000,0,1,1,12,3,1,2,2,10,14.2
80,80,1991-04-17,24-228,GSW,,LAL,W (+7),1,40:00,7,15,.467,1,3,.333,5,6,.833,2,3,5,4,3,0,4,6,20,13.6
81,81,1991-04-19,24-230,GSW,@,LAC,W (+1),1,35:00,9,13,.692,1,2,.500,1,2,.500,0,0,0,11,3,0,4,1,20,20.4
82,82,1991-04-21,24-232,GSW,,UTA,W (+19),1,45:00,10,18,.556,1,5,.200,0,0,,1,3,4,10,3,1,2,1,21,22.3
1,1,1991-11-01,25-061,GSW,@,DEN,W (+3),1,34:00,9,15,.600,2,5,.400,5,6,.833,1,2,3,3,2,0,2,3,25,19.9
2,2,1991-11-02,25-062,GSW,,SAC,W (+62),1,21:00,2,9,.222,1,3,.333,2,2,1.000,1,6,7,12,2,0,4,2,7,9.6
3,3,1991-11-05,25-065,GSW,@,CHI,W (+8),1,46:00,6,18,.333,2,4,.500,3,3,1.000,1,3,4,11,3,1,5,3,17,13.6
4,4,1991-11-06,25-066,GSW,@,MIL,W (+6),1,36:00,9,15,.600,3,5,.600,7,10,.700,1,4,5,9,1,0,5,1,28,23.7
5,5,1991-11-08,25-068,GSW,@,PHI,L (-10),1,44:00,17,30,.567,2,8,.250,4,5,.800,1,2,3,12,2,1,5,4,40,31.2
6,6,1991-11-09,25-069,GSW,@,WSB,W (+8),1,40:00,6,20,.300,0,3,.000,6,9,.667,2,2,4,6,0,0,7,4,18,2.8
7,7,1991-11-12,25-072,GSW,,PHO,W (+3),1,40:00,12,24,.500,4,7,.571,5,7,.714,1,3,4,10,3,0,5,2,33,26.0
8,8,1991-11-14,25-074,GSW,,LAL,L (-3),1,43:00,9,20,.450,1,4,.250,7,8,.875,1,2,3,14,3,0,2,2,26,26.5
9,9,1991-11-16,25-076,GSW,@,LAC,W (+18),1,33:00,9,19,.474,1,6,.167,4,5,.800,1,1,2,10,1,0,4,1,23,17.5
10,10,1991-11-20,25-080,GSW,,CHI,L (-4),1,46:00,8,19,.421,1,5,.200,1,3,.333,1,3,4,7,4,0,4,4,18,12.0
11,11,1991-11-22,25-082,GSW,@,POR,W (+4),1,42:00,12,23,.522,1,5,.200,5,6,.833,6,3,9,10,3,0,3,2,30,29.6
12,12,1991-11-23,25-083,GSW,,MIL,W (+5),1,41:00,5,12,.417,2,3,.667,4,4,1.000,0,2,2,11,2,0,4,3,16,14.7
13,13,1991-11-26,25-086,GSW,@,SEA,L (-6),1,48:00,15,23,.652,3,5,.600,1,3,.333,1,4,5,10,2,0,5,2,34,28.2
14,14,1991-11-29,25-089,GSW,@,UTA,L (-27),1,33:00,3,12,.250,0,1,.000,1,2,.500,0,0,0,8,0,0,6,1,7,-1.4
15,15,1991-12-03,25-093,GSW,,UTA,W (+5),1,42:00,9,22,.409,0,2,.000,2,2,1.000,1,0,1,10,3,0,1,3,20,16.7
16,16,1991-12-05,25-095,GSW,,DAL,W (+10),1,45:00,10,17,.588,2,6,.333,5,6,.833,0,1,1,7,2,0,3,2,27,22.1
17,17,1991-12-07,25-097,GSW,,SAC,W (+4),1,45:00,12,22,.545,2,4,.500,2,2,1.000,1,0,1,14,3,0,5,1,28,25.5
18,18,1991-12-10,25-100,GSW,,LAC,L (-10),1,46:00,11,21,.524,2,8,.250,9,14,.643,2,4,6,10,4,1,3,1,33,31.6
19,19,1991-12-12,25-102,GSW,,HOU,L (-3),1,47:00,7,25,.280,0,3,.000,1,2,.500,0,7,7,7,1,0,3,2,15,4.1
20,20,1991-12-14,25-104,GSW,,ORL,W (+21),1,37:00,9,21,.429,1,4,.250,0,0,,1,1,2,9,3,0,3,1,19,14.8
21,21,1991-12-17,25-107,GSW,,MIN,W (+14),1,42:00,12,24,.500,1,3,.333,5,5,1.000,1,4,5,8,2,0,4,4,30,21.9
22,22,1991-12-18,25-108,GSW,@,LAC,W (+4),1,43:00,4,16,.250,0,3,.000,7,9,.778,1,3,4,6,4,0,3,4,15,9.8
23,23,1991-12-20,25-110,GSW,,POR,W (+5),1,47:00,10,22,.455,2,6,.333,6,7,.857,2,6,8,12,4,0,2,2,28,29.0
24,24,1991-12-21,25-111,GSW,@,SEA,L (-8),1,41:00,14,22,.636,1,3,.333,3,4,.750,0,2,2,5,1,0,1,4,32,24.3
25,25,1991-12-26,25-116,GSW,@,DEN,W (+10),1,47:00,9,24,.375,2,6,.333,7,10,.700,0,0,0,8,3,0,3,3,27,17.0
26,26,1991-12-27,25-117,GSW,@,MIN,W (+4),1,44:00,0,17,.000,0,2,.000,2,2,1.000,0,3,3,13,2,1,4,5,2,-3.2
27,27,1991-12-30,25-120,GSW,@,LAL,W (+15),1,44:00,13,21,.619,2,3,.667,2,2,1.000,0,4,4,6,2,0,2,3,30,24.7
28,28,1992-01-02,25-123,GSW,,DEN,W (+14),1,41:00,9,18,.500,4,7,.571,5,8,.625,1,4,5,3,2,0,5,4,27,16.2
29,29,1992-01-04,25-125,GSW,,IND,W (+19),1,37:00,7,16,.438,0,3,.000,6,6,1.000,0,1,1,10,1,0,4,4,20,14.3
30,30,1992-01-10,25-131,GSW,,SAS,L (-8),1,44:00,9,20,.450,2,9,.222,9,9,1.000,2,3,5,12,3,0,3,2,29,28.5
31,31,1992-01-11,25-132,GSW,@,PHO,L (-12),1,44:00,9,20,.450,0,4,.000,2,4,.500,0,1,1,9,2,0,5,4,20,10.8
32,32,1992-01-14,25-135,GSW,@,SAS,W (+1),1,43:00,13,21,.619,3,5,.600,2,2,1.000,0,5,5,8,0,0,2,0,31,26.6
33,33,1992-01-16,25-137,GSW,@,HOU,W (+7),1,48:00,10,25,.400,1,3,.333,6,7,.857,4,6,10,10,0,1,0,2,27,24.6
34,34,1992-01-18,25-139,GSW,@,DAL,W (+2),1,43:00,10,19,.526,0,2,.000,4,6,.667,1,7,8,8,3,1,0,3,24,24.8
35,35,1992-01-20,25-141,GSW,,CHH,W (+16),1,34:00,5,12,.417,0,0,,3,6,.500,1,8,9,14,2,0,2,1,13,17.9
36,36,1992-01-22,25-143,GSW,,ATL,W (+12),1,37:00,9,20,.450,1,5,.200,4,4,1.000,1,3,4,11,4,0,2,2,23,23.1
37,37,1992-01-24,25-145,GSW,,NYK,L (-5),1,44:00,9,21,.429,0,3,.000,7,8,.875,2,0,2,8,1,0,1,3,25,19.3
38,38,1992-01-28,25-149,GSW,,POR,L (-8),1,53:00,16,33,.485,2,6,.333,3,4,.750,1,1,2,13,2,0,5,3,37,25.8
39,39,1992-01-29,25-150,GSW,@,LAL,L (-13),1,31:00,5,10,.500,0,1,.000,0,0,,1,4,5,6,1,0,2,3,10,8.9
40,40,1992-01-31,25-152,GSW,,DEN,W (+21),1,38:00,6,14,.429,0,3,.000,6,7,.857,1,3,4,9,0,0,0,4,18,16.5
41,41,1992-02-02,25-154,GSW,@,NYK,W (+7),1,46:00,12,22,.545,2,5,.400,2,2,1.000,1,5,6,13,4,1,2,2,28,30.6
42,42,1992-02-03,25-155,GSW,@,ORL,W (+8),1,36:00,5,16,.313,0,2,.000,2,2,1.000,0,3,3,12,2,1,1,5,12,11.8
43,43,1992-02-05,25-157,GSW,@,MIA,L (-2),1,46:00,10,18,.556,0,4,.000,2,3,.667,0,4,4,15,0,0,5,2,22,18.9
44,44,1992-02-06,25-158,GSW,@,CHH,L (-19),1,32:00,5,15,.333,0,2,.000,0,2,.000,3,4,7,10,2,0,3,2,10,9.2
45,45,1992-02-11,25-163,GSW,,WSB,W (+12),1,40:00,10,20,.500,6,7,.857,3,4,.750,0,2,2,13,0,0,5,2,29,22.5
46,46,1992-02-13,25-165,GSW,,SAS,W (+15),1,42:00,7,15,.467,0,5,.000,2,4,.500,1,3,4,13,3,0,6,0,16,15.2
47,47,1992-02-15,25-167,GSW,,SEA,W (+18),1,39:00,11,21,.524,1,5,.200,0,2,.000,2,4,6,12,1,0,2,2,23,21.1
48,48,1992-02-17,25-169,GSW,,LAL,W (+16),1,43:00,11,29,.379,1,3,.333,2,3,.667,5,2,7,8,2,0,4,3,25,15.2
49,49,1992-02-19,25-171,GSW,,BOS,W (+5),1,45:00,14,25,.560,2,5,.400,13,15,.867,2,3,5,7,3,0,1,4,43,37.9
50,50,1992-02-21,25-173,GSW,,PHO,W (+8),1,44:00,12,31,.387,4,8,.500,2,2,1.000,1,3,4,11,0,0,3,2,30,18.6
51,51,1992-02-22,25-174,GSW,@,LAL,W (+2),1,48:00,8,15,.533,3,7,.429,2,2,1.000,0,2,2,9,3,1,6,4,21,16.7
52,52,1992-02-24,25-176,GSW,@,DAL,W (+7),1,42:00,9,18,.500,5,7,.714,4,6,.667,0,1,1,6,3,1,1,2,27,23.6
53,53,1992-02-26,25-178,GSW,@,HOU,L (-2),1,42:00,14,21,.667,1,4,.250,2,3,.667,2,2,4,10,1,0,4,2,31,26.7
54,54,1992-02-27,25-179,GSW,@,SAS,L (-21),1,41:00,6,18,.333,0,4,.000,4,6,.667,0,2,2,7,1,0,4,5,16,5.5
55,55,1992-02-29,25-181,GSW,,MIA,W (+26),1,36:00,7,13,.538,3,6,.500,4,4,1.000,0,9,9,11,1,0,3,1,21,22.7
56,56,1992-03-02,25-183,GSW,@,SAC,W (+20),1,36:00,12,21,.571,5,8,.625,0,0,,2,2,4,14,3,0,2,2,29,31.1
57,57,1992-03-03,25-184,GSW,,UTA,L (-22),1,42:00,9,19,.474,0,4,.000,1,3,.333,0,0,0,10,1,0,4,2,19,11.7
58,58,1992-03-05,25-186,GSW,,CLE,W (+8),1,43:00,7,22,.318,2,5,.400,3,4,.750,0,2,2,11,1,0,5,0,19,10.3
59,59,1992-03-07,25-188,GSW,,HOU,W (+10),1,41:00,6,18,.333,1,4,.250,4,5,.800,1,2,3,12,2,0,3,2,17,14.3
60,60,1992-03-08,25-189,GSW,@,LAC,L (-1),1,43:00,15,22,.682,2,4,.500,2,3,.667,1,4,5,6,5,1,1,3,34,33.8
61,61,1992-03-10,25-191,GSW,,NJN,W (+7),1,42:00,8,17,.471,0,5,.000,6,9,.667,1,2,3,11,1,0,5,2,22,16.3
62,62,1992-03-12,25-193,GSW,,DET,L (-7),1,48:00,9,23,.391,3,8,.375,9,12,.750,0,4,4,12,4,0,2,5,30,25.9
63,63,1992-03-17,25-198,GSW,@,SEA,W (+12),1,44:00,10,18,.556,1,4,.250,7,11,.636,0,0,0,13,4,0,3,0,28,27.9
64,64,1992-03-18,25-199,GSW,,MIN,W (+3),1,34:00,5,14,.357,2,4,.500,5,6,.833,1,4,5,9,1,0,3,2,17,14.2
65,65,1992-03-20,25-201,GSW,@,CLE,L (-15),1,40:00,10,22,.455,0,6,.000,2,2,1.000,0,1,1,8,1,1,6,2,22,11.4
66,66,1992-03-22,25-203,GSW,@,BOS,L (-17),1,30:00,4,13,.308,0,2,.000,4,4,1.000,1,4,5,6,1,0,1,2,12,9.8
67,67,1992-03-23,25-204,GSW,@,ATL,L (-1),1,53:00,10,25,.400,2,7,.286,3,4,.750,2,1,3,14,1,0,4,3,25,18.4
68,68,1992-03-25,25-206,GSW,@,DET,W (+4),1,48:00,11,23,.478,4,7,.571,4,4,1.000,0,3,3,12,3,0,4,3,30,25.4
69,69,1992-03-27,25-208,GSW,@,IND,W (+8),1,34:00,8,19,.421,2,3,.667,4,4,1.000,2,1,3,9,6,0,4,4,22,20.3
70,70,1992-03-28,25-209,GSW,@,NJN,W (+5),1,47:00,11,26,.423,3,8,.375,9,10,.900,2,1,3,8,5,0,2,5,34,28.1
71,71,1992-03-30,25-211,GSW,,PHI,W (+18),1,42:00,12,21,.571,3,6,.500,1,1,1.000,2,4,6,17,2,0,4,0,28,30.6
72,72,1992-03-31,25-212,GSW,@,SAC,W (+12),1,47:00,10,21,.476,3,5,.600,5,6,.833,1,3,4,15,2,0,5,5,28,24.0
73,73,1992-04-02,25-214,GSW,@,PHO,L (-4),1,40:00,7,16,.438,1,5,.200,2,2,1.000,0,4,4,8,1,1,3,3,17,12.9
74,74,1992-04-03,25-215,GSW,,SAC,W (+8),1,46:00,7,23,.304,1,7,.143,2,2,1.000,1,2,3,15,2,0,5,6,17,10.1
75,75,1992-04-05,25-217,GSW,,POR,L (-8),1,43:00,12,24,.500,1,6,.167,3,5,.600,0,3,3,13,1,0,5,4,28,19.6
76,76,1992-04-08,25-220,GSW,,DAL,W (+19),1,31:00,5,16,.313,2,4,.500,1,4,.250,0,3,3,5,0,0,2,1,13,4.6
77,77,1992-04-11,25-223,GSW,,PHO,W (+9),1,43:00,8,24,.333,2,7,.286,2,2,1.000,1,4,5,14,4,0,0,4,20,20.5
78,78,1992-04-13,25-225,GSW,@,UTA,L (-39),1,20:00,5,15,.333,2,5,.400,1,2,.500,0,2,2,5,0,0,1,1,13,6.8
79,79,1992-04-14,25-226,GSW,@,MIN,W (+22),1,38:00,11,17,.647,1,2,.500,2,3,.667,3,2,5,15,1,0,2,1,25,28.9
80,80,1992-04-17,25-229,GSW,,LAC,W (+12),1,38:00,11,18,.611,2,4,.500,5,6,.833,1,1,2,11,1,0,5,1,29,24.7
81,81,1992-04-19,25-231,GSW,,SEA,W (+2),1,43:00,11,16,.688,3,4,.750,4,6,.667,0,3,3,8,2,0,7,3,29,21.7
1,1,1992-11-06,26-066,GSW,@,UTA,W (+15),1,35:00,8,19,.421,1,4,.250,2,2,1.000,1,0,1,9,1,1,7,2,19,9.8
2,2,1992-11-07,26-067,GSW,@,MIN,W (+2),1,41:00,10,21,.476,3,4,.750,1,2,.500,2,1,3,10,3,1,1,1,24,23.9
3,3,1992-11-10,26-070,GSW,,LAL,L (-1),1,39:00,5,17,.294,1,3,.333,3,4,.750,0,1,1,8,1,0,2,4,14,7.0
4,4,1992-11-12,26-072,GSW,,CLE,L (-4),1,55:00,14,26,.538,3,6,.500,4,6,.667,0,3,3,15,5,0,6,2,35,31.2
5,5,1992-11-14,26-074,GSW,,POR,L (-14),1,36:00,7,18,.389,2,4,.500,3,4,.750,0,1,1,9,0,0,4,5,19,9.4
6,6,1992-11-15,26-075,GSW,@,LAL,L (-3),1,38:00,9,20,.450,3,6,.500,0,0,,0,2,2,6,4,0,5,2,21,13.6
7,7,1992-11-17,26-077,GSW,@,MIA,W (+6),1,41:00,10,25,.400,1,5,.200,5,8,.625,3,8,11,6,4,0,4,3,26,18.8
8,8,1992-11-19,26-079,GSW,@,ORL,L (-24),1,33:00,4,12,.333,0,4,.000,3,4,.750,0,5,5,13,0,0,2,4,11,10.8
9,9,1992-11-20,26-080,GSW,@,CHH,L (-7),1,53:00,10,23,.435,2,6,.333,2,2,1.000,0,6,6,13,2,2,3,3,24,22.0
10,10,1992-11-22,26-082,GSW,@,NJN,W (+13),1,46:00,10,22,.455,0,4,.000,7,8,.875,1,4,5,15,1,0,2,1,27,26.2
11,11,1992-11-24,26-084,GSW,,CHI,L (-9),1,48:00,12,24,.500,2,4,.500,3,7,.429,2,4,6,11,3,0,3,3,29,24.5
12,12,1992-11-27,26-087,GSW,@,PHO,L (-14),1,43:00,7,16,.438,0,5,.000,7,9,.778,0,2,2,6,1,1,1,4,21,15.7
13,13,1992-11-28,26-088,GSW,,PHO,W (+3),1,39:00,9,18,.500,2,5,.400,8,12,.667,0,2,2,14,2,0,3,2,28,26.0
14,14,1992-12-02,26-092,GSW,,CHH,L (-1),1,42:00,4,12,.333,0,1,.000,7,8,.875,0,9,9,10,1,0,7,1,15,11.1
15,15,1992-12-04,26-094,GSW,@,DEN,L (-3),1,40:00,8,15,.533,4,8,.500,2,4,.500,0,5,5,10,2,0,4,3,22,19.2
16,16,1992-12-05,26-095,GSW,,ORL,W (+15),1,38:00,4,20,.200,0,3,.000,8,10,.800,3,5,8,9,3,0,3,3,16,11.5
17,17,1992-12-08,26-098,GSW,,IND,L (-10),1,47:00,8,20,.400,2,5,.400,15,19,.789,0,4,4,13,2,0,3,1,33,29.5
18,18,1992-12-10,26-100,GSW,,MIL,W (+12),1,44:00,7,16,.438,2,4,.500,13,16,.813,1,5,6,12,1,1,3,5,29,26.7
19,19,1992-12-12,26-102,GSW,@,SAC,W (+4),1,41:00,11,19,.579,1,4,.250,8,8,1.000,1,4,5,13,0,1,2,3,31,30.6
20,20,1992-12-15,26-105,GSW,,LAC,W (+19),1,38:00,10,20,.500,1,5,.200,6,8,.750,2,4,6,11,1,0,2,1,27,25.1
21,21,1992-12-16,26-106,GSW,@,LAC,W (+2),1,48:00,7,18,.389,1,5,.200,4,5,.800,0,2,2,10,3,0,6,2,19,12.6
22,22,1992-12-19,26-109,GSW,,MIN,W (+6),1,45:00,6,18,.333,2,5,.400,6,8,.750,1,2,3,14,1,0,3,0,20,18.1
23,23,1992-12-20,26-110,GSW,@,POR,L (-16),1,37:00,7,15,.467,1,4,.250,1,1,1.000,0,0,0,13,1,0,8,1,16,10.0
24,24,1992-12-22,26-112,GSW,@,PHO,L (-2),1,46:00,6,15,.400,1,4,.250,6,6,1.000,2,5,7,12,0,0,3,4,19,17.6
25,25,1992-12-23,26-113,GSW,,DAL,W (+14),1,38:00,8,15,.533,2,5,.400,5,6,.833,1,3,4,9,2,0,2,1,23,22.8
26,26,1992-12-26,26-116,GSW,@,DAL,W (+14),1,40:00,12,20,.600,2,3,.667,5,6,.833,0,6,6,15,1,1,2,2,31,32.6
27,27,1992-12-28,26-118,GSW,@,SAS,W (+1),1,43:00,4,17,.235,0,4,.000,2,2,1.000,1,3,4,14,0,0,4,2,10,6.3
28,28,1992-12-29,26-119,GSW,@,HOU,W (+20),1,42:00,12,20,.600,2,3,.667,6,6,1.000,0,2,2,14,1,0,4,1,32,29.8
29,29,1993-01-02,26-123,GSW,,HOU,W (+6),1,41:00,10,21,.476,2,5,.400,5,5,1.000,1,3,4,13,1,0,0,1,27,27.6
30,30,1993-01-05,26-126,GSW,@,SEA,L (-10),1,47:00,10,17,.588,3,4,.750,7,10,.700,4,3,7,9,4,1,3,3,30,31.4
31,31,1993-01-07,26-128,GSW,,MIA,W (+14),1,40:00,5,12,.417,1,2,.500,6,9,.667,0,2,2,11,3,0,3,3,17,16.5
32,32,1993-01-09,26-130,GSW,@,DET,W (+4),1,48:00,10,21,.476,2,6,.333,8,12,.667,0,6,6,10,1,0,1,3,30,25.3
33,33,1993-01-12,26-133,GSW,@,ATL,L (-8),1,43:00,6,16,.375,1,4,.250,1,3,.333,0,5,5,18,2,0,9,3,14,10.3
34,34,1993-01-13,26-134,GSW,@,PHI,L (-7),1,44:00,11,26,.423,2,7,.286,1,3,.333,0,5,5,9,1,0,3,2,25,15.4
35,35,1993-01-15,26-136,GSW,@,CHI,L (-21),1,29:00,1,11,.091,0,1,.000,1,2,.500,0,1,1,6,0,0,5,2,3,-6.0
36,36,1993-01-16,26-137,GSW,@,IND,L (-1),1,40:00,9,26,.346,1,4,.250,5,8,.625,2,3,5,6,2,0,2,3,24,13.5
37,37,1993-01-18,26-139,GSW,,SAC,L (-4),1,42:00,9,16,.563,2,4,.500,3,6,.500,2,1,3,14,1,0,2,2,23,23.9
38,38,1993-01-20,26-141,GSW,,UTA,W (+7),1,42:00,10,17,.588,2,6,.333,6,7,.857,1,2,3,13,1,0,5,2,28,25.3
39,39,1993-01-22,26-143,GSW,,SEA,L (-4),1,54:00,9,26,.346,2,7,.286,4,4,1.000,2,2,4,8,1,0,3,5,24,13.0
40,40,1993-01-26,26-147,GSW,@,POR,L (-10),1,42:00,8,16,.500,2,8,.250,2,3,.667,1,3,4,11,0,0,5,1,20,15.5
41,41,1993-01-27,26-148,GSW,,DEN,W (+28),1,29:00,3,10,.300,1,2,.500,2,2,1.000,1,1,2,10,1,0,0,2,9,11.4
42,42,1993-01-29,26-150,GSW,,LAC,L (-1),1,45:00,4,13,.308,2,5,.400,0,0,,1,1,2,18,3,0,3,1,10,15.7
43,43,1993-02-01,26-153,GSW,@,MIL,L (-14),1,39:00,8,13,.615,2,4,.500,2,4,.500,1,0,1,11,3,1,4,2,20,20.6
44,44,1993-02-02,26-154,GSW,@,CLE,L (-10),1,43:00,6,15,.400,1,5,.200,1,2,.500,1,0,1,10,2,1,5,3,14,9.7
45,45,1993-02-04,26-156,GSW,@,NYK,L (-4),1,41:00,9,22,.409,1,5,.200,1,2,.500,0,5,5,12,5,0,4,3,20,17.5
46,46,1993-02-05,26-157,GSW,@,WSB,L (-27),1,33:00,6,14,.429,0,6,.000,0,2,.000,1,1,2,7,1,0,2,5,12,6.7
47,47,1993-02-07,26-159,GSW,@,BOS,L (-5),1,47:00,8,19,.421,0,3,.000,4,5,.800,0,7,7,10,2,0,5,2,20,14.8
48,48,1993-02-09,26-161,GSW,,ATL,L (-11),1,39:00,6,14,.429,2,4,.500,2,2,1.000,1,5,6,13,1,0,3,3,16,16.7
49,49,1993-02-11,26-163,GSW,,PHO,L (-22),1,40:00,6,23,.261,1,4,.250,2,4,.500,1,3,4,6,4,0,1,3,15,8.1
50,50,1993-02-13,26-165,GSW,@,SAC,W (+1),1,35:00,8,16,.500,1,4,.250,6,6,1.000,1,4,5,3,1,0,5,2,23,14.2
51,51,1993-02-14,26-166,GSW,,WSB,W (+20),1,21:00,6,13,.462,0,2,.000,0,2,.000,2,3,5,9,4,0,1,1,12,15.7
52,52,1993-02-16,26-168,GSW,,SAS,W (+21),1,32:00,8,16,.500,2,5,.400,5,6,.833,1,5,6,13,0,0,1,1,23,24.5
53,53,1993-02-18,26-170,GSW,,SEA,L (-15),1,39:00,7,19,.368,1,5,.200,2,5,.400,1,1,2,8,1,0,4,5,17,6.9
54,54,1993-02-24,26-176,GSW,,UTA,W (+12),1,37:00,9,19,.474,3,5,.600,8,12,.667,4,2,6,11,5,0,2,0,29,31.8
55,55,1993-02-26,26-178,GSW,,LAC,L (-8),1,36:00,9,20,.450,1,7,.143,6,8,.750,3,4,7,11,2,0,4,2,25,22.0
56,56,1993-02-27,26-179,GSW,@,SEA,L (-17),1,43:00,9,17,.529,0,3,.000,11,13,.846,0,2,2,7,2,0,3,4,29,22.8
57,57,1993-03-01,26-181,GSW,,PHI,W (+13),1,39:00,10,19,.526,3,7,.429,4,6,.667,0,2,2,19,0,0,2,0,27,28.8
58,58,1993-03-03,26-183,GSW,,LAL,L (-6),1,13:00,2,3,.667,0,0,,2,2,1.000,1,1,2,5,0,0,4,1,6,4.8
59,59,1993-04-03,26-214,GSW,@,HOU,L (-7),1,29:00,7,15,.467,1,5,.200,0,0,,1,0,1,7,1,0,2,1,15,11.5
60,60,1993-04-06,26-217,GSW,@,SAS,W (+14),1,40:00,9,13,.692,5,7,.714,7,10,.700,0,3,3,13,4,0,6,4,30,29.7
61,61,1993-04-16,26-227,GSW,@,LAC,L (-7),1,25:00,10,15,.667,2,5,.400,5,5,1.000,0,0,0,7,2,0,2,0,27,25.4
62,62,1993-04-18,26-229,GSW,@,LAL,L (-3),1,25:00,6,12,.500,1,3,.333,0,1,.000,1,3,4,4,1,0,2,1,13,9.6
63,63,1993-04-20,26-231,GSW,@,POR,L (-16),1,37:00,12,22,.545,5,12,.417,0,0,,1,4,5,7,2,0,4,1,29,22.8
64,64,1993-04-21,26-232,GSW,,SAC,W (+27),1,27:00,8,16,.500,0,2,.000,1,2,.500,1,3,4,11,2,0,3,3,17,15.7
65,65,1993-04-23,26-234,GSW,@,UTA,L (-14),1,42:00,6,18,.333,1,5,.200,1,2,.500,1,3,4,7,2,0,5,3,14,5.7
66,66,1993-04-25,26-236,GSW,,SEA,W (+10),1,45:00,13,26,.500,5,13,.385,10,11,.909,1,6,7,18,2,1,3,3,41,41.2
1,1,1994-11-04,28-064,GSW,@,SAS,W (+5),1,38:00,7,16,.438,4,6,.667,11,11,1.000,0,4,4,8,1,0,7,2,29,20.6
2,2,1994-11-05,28-065,GSW,@,DEN,W (+4),1,42:00,12,21,.571,4,10,.400,0,0,,1,5,6,10,1,3,3,3,28,26.2
3,3,1994-11-08,28-068,GSW,,MIA,W (+7),1,45:00,8,19,.421,1,7,.143,2,2,1.000,0,7,7,12,2,0,6,2,19,14.6
4,4,1994-11-11,28-071,GSW,@,UTA,W (+8),1,37:00,10,15,.667,6,10,.600,4,4,1.000,0,3,3,5,2,0,1,3,30,27.7
5,5,1994-11-12,28-072,GSW,,LAL,W (+22),1,23:00,7,12,.583,2,6,.333,3,5,.600,0,1,1,8,0,0,2,0,19,16.5
6,6,1994-11-15,28-075,GSW,,MIN,L (-2),1,42:00,6,16,.375,3,7,.429,5,7,.714,0,3,3,10,2,1,2,5,20,17.0
7,7,1994-11-17,28-077,GSW,,NYK,W (+9),1,39:00,5,15,.333,1,7,.143,9,12,.750,0,2,2,8,0,0,4,4,20,10.9
8,8,1994-11-19,28-079,GSW,,UTA,W (+4),1,35:00,8,19,.421,2,9,.222,8,9,.889,1,1,2,8,0,0,6,2,26,15.3
9,9,1994-11-22,28-082,GSW,@,CHH,L (-4),1,41:00,7,17,.412,1,5,.200,6,7,.857,2,1,3,8,1,0,5,3,21,13.6
10,10,1994-11-24,28-084,GSW,@,IND,L (-27),1,31:00,7,17,.412,3,7,.429,4,5,.800,0,1,1,2,1,0,3,0,21,11.2
11,11,1994-11-26,28-086,GSW,@,CLE,L (-14),1,37:00,5,16,.313,1,8,.125,0,0,,0,0,0,9,5,0,3,1,11,9.7
12,12,1994-11-27,28-087,GSW,@,DET,L (-15),1,39:00,6,17,.353,4,8,.500,3,4,.750,1,6,7,4,1,1,4,4,19,10.5
13,13,1994-11-29,28-089,GSW,,LAC,W (+3),1,38:00,5,16,.313,1,7,.143,4,7,.571,0,1,1,7,0,0,1,2,15,8.0
14,14,1994-12-01,28-091,GSW,,HOU,L (-4),1,38:00,11,20,.550,2,7,.286,3,3,1.000,0,3,3,6,3,0,2,3,27,22.3
15,15,1994-12-03,28-093,GSW,,IND,L (-11),1,39:00,6,15,.400,1,4,.250,3,4,.750,0,3,3,9,1,0,6,5,16,7.7
16,16,1994-12-06,28-096,GSW,@,LAL,L (-12),1,40:00,7,12,.583,4,7,.571,5,6,.833,1,3,4,13,1,0,2,2,23,25.9
17,17,1994-12-09,28-099,GSW,@,POR,L (-9),1,35:00,9,16,.563,2,7,.286,1,3,.333,1,1,2,8,1,0,3,1,21,16.8
18,18,1994-12-10,28-100,GSW,@,SAC,L (-12),1,39:00,7,14,.500,3,7,.429,6,8,.750,0,1,1,3,0,0,2,4,23,14.0
19,19,1994-12-12,28-102,GSW,@,PHO,L (-6),1,40:00,3,11,.273,1,7,.143,1,2,.500,0,1,1,6,3,0,1,1,8,7.2
20,20,1994-12-13,28-103,GSW,,SAC,L (-5),1,36:00,8,16,.500,2,6,.333,5,7,.714,1,4,5,7,2,1,1,2,23,21.9
21,21,1994-12-15,28-105,GSW,@,LAC,L (-7),1,17:00,1,10,.100,0,3,.000,0,0,,1,1,2,2,1,0,3,0,2,-4.2
22,22,1994-12-16,28-106,GSW,,ORL,L (-3),1,45:00,5,18,.278,2,10,.200,3,4,.750,0,1,1,22,5,0,4,3,15,19.5
23,23,1994-12-20,28-110,GSW,,DAL,L (-3),1,42:00,8,19,.421,3,9,.333,1,3,.333,3,2,5,18,0,0,4,4,20,18.8
24,24,1994-12-22,28-112,GSW,,WSB,W (+20),1,35:00,5,18,.278,2,8,.250,4,4,1.000,0,3,3,14,2,0,2,0,16,16.1
25,25,1994-12-27,28-117,GSW,,LAL,W (+24),1,36:00,8,15,.533,3,6,.500,1,1,1.000,2,3,5,15,2,0,5,0,20,22.5
26,26,1994-12-29,28-119,GSW,@,HOU,L (-2),1,36:00,11,18,.611,5,10,.500,5,6,.833,0,1,1,10,0,0,3,2,32,26.9
27,27,1994-12-30,28-120,GSW,@,DAL,L (-16),1,28:00,4,17,.235,1,6,.167,0,3,.000,0,1,1,6,2,0,3,3,9,-0.2
28,28,1995-01-03,28-124,GSW,,SAS,L (-5),1,42:00,5,15,.333,0,2,.000,5,6,.833,3,4,7,9,0,0,6,0,15,9.7
29,29,1995-01-05,28-126,GSW,,MIL,L (-8),1,43:00,8,18,.444,7,12,.583,3,6,.500,0,2,2,13,1,0,5,3,26,19.9
30,30,1995-01-10,28-131,GSW,,SEA,L (-10),1,44:00,3,15,.200,1,7,.143,6,8,.750,0,1,1,12,2,1,4,4,13,8.7
31,31,1995-01-11,28-132,GSW,@,POR,L (-12),1,15:00,0,1,.000,0,0,,0,0,,1,3,4,4,0,0,2,2,0,0.9
32,32,1995-01-13,28-134,GSW,@,LAL,L (-11),1,29:00,9,14,.643,3,5,.600,1,1,1.000,0,1,1,8,3,0,4,1,22,20.3
33,33,1995-01-14,28-135,GSW,,CLE,L (-6),1,37:00,6,15,.400,2,5,.400,7,7,1.000,0,1,1,8,1,0,3,4,21,15.2
34,34,1995-01-16,28-137,GSW,,DEN,W (+4),1,42:00,6,16,.375,2,7,.286,7,9,.778,1,1,2,7,0,0,2,1,21,14.9
35,35,1995-01-19,28-140,GSW,@,SAC,L (-9),1,40:00,9,18,.500,4,8,.500,7,8,.875,0,1,1,6,0,0,3,4,29,19.5
36,36,1995-01-24,28-145,GSW,,NJN,L (-13),1,34:00,5,14,.357,0,5,.000,1,1,1.000,0,0,0,9,1,1,3,1,11,7.8
37,37,1995-01-26,28-147,GSW,@,WSB,W (+3),1,46:00,8,17,.471,3,6,.500,11,11,1.000,0,4,4,6,1,0,7,3,30,19.5
38,38,1995-01-27,28-148,GSW,@,BOS,L (-26),1,38:00,5,9,.556,2,3,.667,2,4,.500,0,1,1,8,1,0,6,5,14,7.8
39,39,1995-01-29,28-150,GSW,@,CHI,L (-22),1,36:00,8,16,.500,2,4,.500,0,0,,0,4,4,5,0,0,2,3,18,11.5
40,40,1995-01-31,28-152,GSW,@,NYK,L (-3),1,48:00,9,16,.563,5,10,.500,1,3,.333,1,5,6,7,2,0,4,0,24,20.7
41,41,1995-02-01,28-153,GSW,@,ATL,L (-12),1,36:00,9,19,.474,6,13,.462,2,2,1.000,0,4,4,9,1,0,2,5,26,20.8
42,42,1995-02-03,28-155,GSW,,LAC,W (+17),1,36:00,6,14,.429,2,7,.286,1,2,.500,0,2,2,14,2,0,10,2,15,8.8
43,43,1995-02-05,28-157,GSW,,CHI,L (-4),1,45:00,9,18,.500,3,10,.300,7,9,.778,4,1,5,8,2,1,2,2,28,26.8
44,44,1995-02-07,28-159,GSW,@,MIN,L (-9),1,41:00,4,15,.267,3,7,.429,8,8,1.000,2,1,3,8,4,0,2,4,19,17.8
45,45,1995-02-09,28-161,GSW,@,DEN,W (+8),1,39:00,8,14,.571,4,7,.571,5,7,.714,0,2,2,7,3,0,4,2,25,21.3
46,46,1995-02-14,28-166,GSW,@,SEA,L (-10),1,40:00,7,18,.389,3,9,.333,3,4,.750,1,4,5,8,1,1,2,3,20,15.8
47,47,1995-02-15,28-167,GSW,,BOS,L (-1),1,40:00,5,15,.333,2,6,.333,1,1,1.000,3,3,6,16,3,1,1,3,13,20.2
48,48,1995-02-17,28-169,GSW,@,PHO,W (+11),1,45:00,11,18,.611,5,8,.625,3,4,.750,0,1,1,19,1,0,1,1,30,34.6
49,49,1995-02-18,28-170,GSW,,SEA,L (-12),1,45:00,7,24,.292,3,13,.231,4,7,.571,1,3,4,19,2,0,3,6,21,17.3
50,50,1995-02-20,28-172,GSW,,PHI,W (+13),1,39:00,7,17,.412,3,9,.333,4,5,.800,0,2,2,10,0,0,6,0,21,13.1
51,51,1995-02-22,28-174,GSW,,POR,L (-18),1,30:00,4,13,.308,3,6,.500,9,10,.900,1,1,2,5,1,0,5,2,20,11.8
52,52,1995-02-25,28-177,GSW,@,HOU,L (-7),1,41:00,9,21,.429,3,7,.429,3,4,.750,3,2,5,8,3,1,5,1,24,19.1
53,53,1995-02-26,28-178,GSW,@,SAS,L (-30),1,21:00,4,10,.400,0,2,.000,1,2,.500,2,1,3,5,0,0,1,3,9,6.2
54,54,1995-03-01,28-181,GSW,,UTA,L (-13),1,33:00,3,15,.200,0,3,.000,1,4,.250,2,8,10,15,1,0,5,4,7,5.2
55,55,1995-03-03,28-183,GSW,,CHH,L (-30),1,27:00,3,11,.273,1,4,.250,0,0,,3,1,4,9,0,0,6,2,7,2.4
56,56,1995-03-05,28-185,GSW,,PHO,L (-10),1,39:00,9,23,.391,6,10,.600,1,1,1.000,1,0,1,13,2,0,0,5,25,22.3
57,57,1995-03-06,28-186,GSW,@,SEA,W (+3),1,42:00,11,24,.458,6,13,.462,3,4,.750,1,3,4,5,1,0,3,1,31,20.9
58,58,1995-03-08,28-188,GSW,,LAC,W (+13),1,38:00,10,20,.500,3,9,.333,0,0,,0,4,4,16,1,0,5,4,23,19.8
59,59,1995-03-10,28-190,GSW,@,LAC,L (-19),1,39:00,6,20,.300,5,9,.556,4,6,.667,1,2,3,7,2,0,7,4,21,8.2
60,60,1995-03-12,28-192,GSW,@,PHO,W (+7),1,50:00,10,18,.556,4,9,.444,7,9,.778,1,2,3,15,1,0,2,3,31,31.2
61,61,1995-03-13,28-193,GSW,,DAL,L (-5),1,32:00,12,21,.571,4,6,.667,2,6,.333,0,3,3,10,4,0,2,5,30,26.4
62,62,1995-03-15,28-195,GSW,,LAL,W (+11),1,36:00,9,20,.450,4,9,.444,2,2,1.000,0,3,3,12,2,0,1,1,24,23.5
1,1,1995-11-03,29-063,GSW,@,HOU,L (-18),1,38:00,9,15,.600,2,6,.333,3,4,.750,0,0,0,9,1,0,2,3,23,19.8
2,2,1995-11-04,29-064,GSW,@,DAL,L (-15),1,38:00,8,18,.444,2,7,.286,0,0,,1,2,3,7,1,1,0,3,18,15.3
3,3,1995-11-07,29-067,GSW,,DEN,W (+5),1,39:00,10,17,.588,1,5,.200,1,1,1.000,1,2,3,9,1,2,2,0,22,22.1
4,4,1995-11-09,29-069,GSW,,ATL,L (-4),1,35:00,6,10,.600,3,4,.750,8,10,.800,0,1,1,5,1,0,3,3,23,18.2
5,5,1995-11-11,29-071,GSW,,LAL,W (+18),1,35:00,7,9,.778,2,4,.500,3,3,1.000,1,3,4,14,5,0,2,1,19,29.5
6,6,1995-11-12,29-072,GSW,@,PHO,L (-3),1,40:00,8,17,.471,3,7,.429,10,11,.909,1,6,7,8,2,0,3,2,29,26.2
7,7,1995-11-14,29-074,GSW,,LAC,L (-12),1,32:00,4,11,.364,1,5,.200,6,6,1.000,1,2,3,3,1,0,3,2,15,9.5
8,8,1995-11-16,29-076,GSW,,NYK,L (-23),1,37:00,3,7,.429,3,4,.750,6,7,.857,0,2,2,5,0,0,5,6,15,7.6
9,9,1995-11-18,29-078,GSW,,DAL,W (+13),1,40:00,11,17,.647,3,6,.500,2,2,1.000,0,2,2,12,6,0,2,3,27,31.3
10,10,1995-11-20,29-080,GSW,@,ORL,L (-6),1,38:00,3,15,.200,0,7,.000,0,1,.000,0,3,3,13,3,0,3,4,6,4.7
11,11,1995-11-22,29-082,GSW,@,MIA,L (-10),1,34:00,5,17,.294,1,4,.250,4,4,1.000,0,3,3,2,2,0,2,3,15,6.2
12,12,1995-11-24,29-084,GSW,@,BOS,W (+7),1,30:00,5,14,.357,1,2,.500,7,10,.700,2,3,5,7,0,0,1,4,18,13.6
13,13,1995-11-25,29-085,GSW,@,PHI,W (+18),1,34:00,5,13,.385,1,3,.333,2,2,1.000,1,5,6,9,6,0,2,0,13,18.4
14,14,1995-11-27,29-087,GSW,@,TOR,L (-3),1,40:00,10,21,.476,2,8,.250,7,7,1.000,0,3,3,10,2,1,5,2,29,23.1
15,15,1995-11-29,29-089,GSW,,POR,L (-14),1,34:00,2,12,.167,0,5,.000,2,2,1.000,1,4,5,6,1,2,1,3,6,4.7
16,16,1995-12-02,29-092,GSW,,IND,W (+3),0,21:00,2,7,.286,2,6,.333,2,3,.667,1,1,2,4,2,0,2,2,8,6.5
17,17,1995-12-06,29-096,GSW,,ORL,L (-2),1,39:00,11,20,.550,5,8,.625,4,6,.667,1,2,3,4,1,0,4,3,31,20.5
18,18,1995-12-08,29-098,GSW,,DET,L (-7),1,41:00,10,19,.526,3,6,.500,5,6,.833,2,2,4,7,1,0,1,6,28,22.8
19,19,1995-12-09,29-099,GSW,@,UTA,L (-14),1,23:00,4,4,1.000,2,2,1.000,3,4,.750,0,0,0,4,1,0,1,4,13,12.6
20,20,1995-12-12,29-102,GSW,,MIA,W (+25),0,22:00,1,4,.250,1,4,.250,5,8,.625,0,1,1,10,1,0,1,2,8,10.9
21,21,1995-12-15,29-105,GSW,@,SEA,L (-7),0,29:00,6,16,.375,0,6,.000,0,0,,0,7,7,7,0,0,1,3,12,8.0
22,22,1995-12-16,29-106,GSW,@,VAN,W (+31),0,25:00,3,9,.333,0,1,.000,3,4,.750,1,0,1,4,2,0,0,1,9,8.6
23,23,1995-12-19,29-109,GSW,,CHH,W (+3),0,23:00,3,11,.273,0,4,.000,1,2,.500,0,1,1,9,1,1,2,3,7,5.2
24,24,1995-12-20,29-110,GSW,@,DEN,L (-5),0,31:00,6,13,.462,2,6,.333,1,1,1.000,0,3,3,12,0,3,2,4,15,16.1
25,25,1995-12-22,29-112,GSW,,WSB,W (+15),0,22:00,6,8,.750,1,3,.333,2,3,.667,0,1,1,10,0,0,2,5,15,14.7
26,26,1995-12-26,29-116,GSW,@,DET,L (-10),0,26:00,4,13,.308,2,5,.400,1,2,.500,0,4,4,5,4,0,5,4,11,5.2
27,27,1995-12-27,29-117,GSW,@,WSB,L (-21),0,26:00,4,12,.333,2,3,.667,2,2,1.000,0,1,1,3,1,0,4,3,12,3.4
28,28,1995-12-29,29-119,GSW,@,ATL,W (+21),0,21:00,4,9,.444,2,3,.667,2,2,1.000,0,2,2,7,1,0,5,4,12,7.2
29,29,1995-12-30,29-120,GSW,@,NJN,W (+10),0,33:00,5,10,.500,3,5,.600,3,3,1.000,0,2,2,10,3,0,3,3,16,17.4
30,30,1996-01-03,29-124,GSW,,PHI,W (+11),0,31:00,5,11,.455,2,5,.400,7,8,.875,0,1,1,6,1,0,5,2,19,12.6
31,31,1996-01-05,29-126,GSW,,MIN,W (+3),0,27:00,6,14,.429,0,3,.000,0,0,,0,0,0,7,2,1,2,4,12,8.6
32,32,1996-01-06,29-127,GSW,@,SAC,L (-9),0,25:00,3,12,.250,2,5,.400,3,4,.750,0,6,6,9,1,0,4,2,11,7.7
33,33,1996-01-09,29-130,GSW,,VAN,W (+6),0,30:00,6,13,.462,2,5,.400,2,2,1.000,1,3,4,9,1,0,4,1,16,13.8
34,34,1996-01-11,29-132,GSW,,PHO,L (-5),0,20:00,0,9,.000,0,4,.000,4,4,1.000,1,0,1,6,0,0,1,2,4,0.8
35,35,1996-01-12,29-133,GSW,@,VAN,W (+9),0,28:00,4,12,.333,3,7,.429,1,2,.500,0,2,2,8,3,0,2,2,12,11.2
36,36,1996-01-15,29-136,GSW,,SEA,L (-9),0,32:00,6,18,.333,3,8,.375,0,0,,0,6,6,9,0,0,2,2,15,10.1
37,37,1996-01-17,29-138,GSW,@,MIN,L (-10),0,18:00,2,11,.182,0,4,.000,0,0,,2,3,5,5,0,0,2,3,4,-0.3
38,38,1996-01-18,29-139,GSW,@,MIL,L (-4),0,19:00,1,5,.200,1,4,.250,0,0,,0,1,1,6,0,0,1,1,3,3.0
39,39,1996-01-20,29-141,GSW,@,CHH,W (+8),0,33:00,7,19,.368,3,5,.600,1,2,.500,1,4,5,9,1,0,3,1,18,12.9
40,40,1996-01-24,29-145,GSW,,UTA,L (-11),0,21:00,0,7,.000,0,2,.000,2,2,1.000,0,1,1,2,1,0,2,4,2,-3.8
41,41,1996-01-26,29-147,GSW,,SAC,W (+6),0,23:00,5,10,.500,2,2,1.000,3,6,.500,0,1,1,7,0,0,1,6,15,10.6
42,42,1996-01-27,29-148,GSW,@,UTA,L (-17),0,14:00,2,5,.400,2,3,.667,0,0,,0,1,1,1,0,0,1,2,6,2.5
43,43,1996-01-30,29-151,GSW,@,LAL,L (-10),0,34:00,7,11,.636,3,6,.500,7,9,.778,0,1,1,10,3,0,6,2,24,21.8
44,44,1996-02-02,29-154,GSW,,TOR,W (+3),0,26:00,6,13,.462,2,4,.500,0,2,.000,2,1,3,9,4,0,4,1,14,14.1
45,45,1996-02-04,29-156,GSW,,NJN,W (+4),0,19:00,4,9,.444,1,3,.333,0,0,,0,2,2,4,1,0,0,1,9,8.3
46,46,1996-02-05,29-157,GSW,@,LAC,W (+4),0,27:00,6,13,.462,2,4,.500,4,4,1.000,0,3,3,3,0,0,4,4,18,8.7
47,47,1996-02-07,29-159,GSW,,CHI,L (-4),0,14:00,0,6,.000,0,1,.000,0,0,,0,0,0,3,0,0,2,0,0,-4.1
48,48,1996-02-13,29-165,GSW,@,POR,W (+1),0,26:00,5,8,.625,1,2,.500,0,0,,0,0,0,7,2,0,1,2,11,12.5
49,49,1996-02-14,29-166,GSW,,BOS,W (+3),0,31:00,5,10,.500,2,6,.333,2,4,.500,0,4,4,9,0,0,0,2,14,14.9
50,50,1996-02-16,29-168,GSW,@,SAS,L (-18),0,27:00,6,13,.462,3,6,.500,3,6,.500,1,1,2,8,2,0,6,1,18,12.3
51,51,1996-02-19,29-171,GSW,@,DAL,W (+12),0,9:00,1,3,.333,1,1,1.000,0,0,,0,0,0,1,0,0,0,0,3,2.0
52,52,1996-02-21,29-173,GSW,,SAS,W (+3),0,27:00,3,6,.500,0,3,.000,6,11,.545,0,0,0,7,2,0,3,0,12,10.9
53,53,1996-02-25,29-177,MIA,,PHI,W (+7),1,32:00,7,14,.500,3,5,.600,3,4,.750,1,0,1,9,2,0,4,3,20,16.4
54,54,1996-02-27,29-179,MIA,@,NJN,W (+3),1,39:00,5,13,.385,1,4,.250,5,6,.833,1,4,5,6,1,0,4,4,16,10.0
55,55,1996-02-28,29-180,MIA,@,ORL,L (-4),1,40:00,7,13,.538,3,5,.600,5,6,.833,0,0,0,13,1,0,2,1,22,23.0
56,56,1996-03-01,29-182,MIA,,POR,L (-14),1,29:00,2,6,.333,1,2,.500,3,4,.750,0,3,3,5,2,0,3,1,8,7.2
57,57,1996-03-03,29-184,MIA,@,MIN,L (-2),1,41:00,7,17,.412,2,5,.400,1,2,.500,0,1,1,12,6,0,4,1,17,17.8
58,58,1996-03-05,29-186,MIA,,MIN,W (+41),1,28:00,8,13,.615,3,6,.500,0,0,,2,4,6,10,6,1,2,1,19,27.0
59,59,1996-03-08,29-189,MIA,,TOR,W (+30),1,29:00,6,13,.462,3,7,.429,8,8,1.000,0,4,4,5,3,1,4,0,23,20.7
60,60,1996-03-10,29-191,MIA,,CLE,W (+7),1,41:00,9,17,.529,2,7,.286,1,1,1.000,0,6,6,8,1,0,3,1,21,17.7
61,61,1996-03-12,29-193,MIA,@,DAL,W (+7),1,30:00,4,11,.364,2,6,.333,3,3,1.000,0,0,0,3,1,2,3,5,13,6.4
62,62,1996-03-14,29-195,MIA,@,SAS,L (-20),1,39:00,8,14,.571,2,3,.667,8,9,.889,0,5,5,7,0,0,5,4,26,18.8
63,63,1996-03-16,29-197,MIA,@,HOU,W (+24),1,39:00,10,19,.526,3,6,.500,5,6,.833,1,7,8,15,0,0,4,1,28,27.2
64,64,1996-03-20,29-201,MIA,,DET,W (+9),1,40:00,5,16,.313,2,8,.250,2,3,.667,1,1,2,12,2,0,4,3,14,10.6
65,65,1996-03-22,29-203,MIA,@,MIL,W (+16),1,43:00,5,14,.357,2,7,.286,7,7,1.000,0,6,6,13,1,0,6,2,19,16.3
66,66,1996-03-24,29-205,MIA,@,BOS,W (+16),1,40:00,3,12,.250,0,5,.000,5,6,.833,1,6,7,13,3,0,3,2,11,14.2
67,67,1996-03-27,29-208,MIA,,LAL,L (-11),1,39:00,7,18,.389,1,3,.333,4,5,.800,1,2,3,13,3,0,0,3,19,21.0
68,68,1996-03-29,29-210,MIA,,WSB,W (+19),1,39:00,6,15,.400,2,6,.333,2,4,.500,0,0,0,12,1,0,2,2,16,13.7
69,69,1996-03-30,29-211,MIA,@,DET,W (+10),1,45:00,4,14,.286,3,7,.429,0,1,.000,0,7,7,16,3,0,6,2,11,11.9
70,70,1996-04-02,29-214,MIA,,CHI,L (-18),1,40:00,7,14,.500,1,5,.200,1,1,1.000,0,5,5,8,1,0,5,4,16,10.5
71,71,1996-04-04,29-216,MIA,@,CHI,L (-8),1,39:00,7,17,.412,1,7,.143,5,6,.833,0,2,2,9,1,0,8,5,20,8.4
72,72,1996-04-06,29-218,MIA,@,IND,L (-4),1,40:00,6,12,.500,2,5,.400,5,6,.833,0,3,3,9,2,0,6,2,19,15.0
73,73,1996-04-08,29-220,MIA,@,WSB,L (-12),1,29:00,1,11,.091,1,5,.200,3,3,1.000,1,4,5,4,1,0,1,1,6,3.0
74,74,1996-04-10,29-222,MIA,@,CHH,W (+21),1,40:00,11,19,.579,3,6,.500,4,4,1.000,3,1,4,11,2,0,3,4,29,27.6
75,75,1996-04-11,29-223,MIA,,MIL,W (+10),1,32:00,6,11,.545,1,2,.500,6,7,.857,1,1,2,12,1,0,3,5,19,18.7
76,76,1996-04-13,29-225,MIA,,NYK,W (+8),1,41:00,3,16,.188,1,7,.143,7,7,1.000,0,4,4,10,2,1,3,2,14,11.1
77,77,1996-04-15,29-227,MIA,,NJN,W (+20),1,37:00,5,10,.500,1,3,.333,4,6,.667,0,3,3,9,3,0,6,3,15,12.2
78,78,1996-04-17,29-229,MIA,@,PHI,L (-4),1,40:00,5,11,.455,4,6,.667,2,3,.667,0,2,2,11,3,0,4,2,16,16.4
79,79,1996-04-19,29-231,MIA,@,MIL,W (+6),1,44:00,6,14,.429,3,5,.600,2,5,.400,0,2,2,19,2,0,6,3,17,17.1
80,80,1996-04-21,29-233,MIA,,ATL,L (-12),1,32:00,4,12,.333,0,4,.000,0,0,,0,2,2,6,4,1,6,3,8,3.5
1,1,1996-11-01,30-061,MIA,,ATL,W (+13),1,39:22,6,10,.600,4,7,.571,4,4,1.000,0,1,1,12,3,0,1,1,20,25.7,+9
2,2,1996-11-02,30-062,MIA,@,IND,W (+2),1,38:15,8,20,.400,2,10,.200,7,10,.700,0,3,3,9,6,0,2,2,25,23.4,+1
3,3,1996-11-06,30-066,MIA,,CHI,L (-6),1,38:25,6,15,.400,1,6,.167,5,5,1.000,0,2,2,3,1,0,3,1,18,10.2,-16
4,4,1996-11-08,30-068,MIA,,MIL,W (+12),1,27:44,5,11,.455,0,1,.000,2,4,.500,0,1,1,9,1,0,0,2,12,12.3,+11
5,5,1996-11-09,30-069,MIA,@,DAL,W (+7),1,41:17,6,20,.300,1,8,.125,6,10,.600,1,3,4,7,6,0,0,2,19,17.5,+21
6,6,1996-11-12,30-072,MIA,,CHH,W (+8),1,38:36,9,20,.450,3,7,.429,1,1,1.000,3,1,4,12,3,0,1,3,22,23.2,+5
7,7,1996-11-13,30-073,MIA,@,CHI,L (-32),1,33:42,2,10,.200,1,4,.250,3,5,.600,1,3,4,4,0,0,1,2,8,3.6,-10
8,8,1996-11-15,30-075,MIA,@,ATL,L (-8),1,43:04,8,19,.421,6,11,.545,1,1,1.000,1,2,3,8,3,0,3,5,23,17.8,-6
9,9,1996-11-16,30-076,MIA,,PHI,L (-2),1,41:52,9,22,.409,1,6,.167,4,4,1.000,3,2,5,13,1,0,2,2,23,21.2,+9
10,10,1996-11-19,30-079,MIA,@,DEN,W (+18),1,34:54,5,8,.625,1,2,.500,1,2,.500,0,3,3,7,2,0,2,1,12,13.4,+16
11,11,1996-11-20,30-080,MIA,@,VAN,W (+19),1,33:10,7,11,.636,5,7,.714,0,2,.000,0,3,3,7,1,0,4,2,19,15.3,-2
12,12,1996-11-22,30-082,MIA,@,SAC,W (+3),1,46:00,6,20,.300,2,7,.286,8,8,1.000,0,3,3,8,2,0,1,0,22,17.9,-5
13,13,1996-11-24,30-084,MIA,@,PHO,W (+3),1,36:42,4,17,.235,0,6,.000,4,4,1.000,1,6,7,8,0,0,5,4,12,3.2,+2
14,14,1996-11-26,30-086,MIA,@,GSW,W (+19),1,37:22,6,7,.857,1,2,.500,4,5,.800,2,4,6,14,0,0,4,0,17,22.5,+15
15,15,1996-11-27,30-087,MIA,@,LAC,W (+16),1,27:11,8,11,.727,2,3,.667,0,0,,0,2,2,6,1,0,3,1,18,15.9,+19
16,16,1996-11-30,30-090,MIA,,BOS,W (+1),1,36:46,8,19,.421,1,6,.167,2,4,.500,1,3,4,8,1,0,4,2,19,11.5,+2
17,17,1996-12-03,30-093,MIA,@,NYK,W (+24),1,39:54,1,12,.083,1,6,.167,5,5,1.000,0,6,6,5,3,0,5,2,8,2.5,+26
18,18,1996-12-04,30-094,MIA,,DAL,W (+22),1,30:25,11,13,.846,6,6,1.000,5,5,1.000,0,1,1,4,0,1,7,0,33,25.1,+12
19,19,1996-12-06,30-096,MIA,,NYK,L (-18),1,40:48,9,19,.474,2,7,.286,8,10,.800,0,3,3,9,2,0,7,2,28,18.9,-17
20,20,1996-12-07,30-097,MIA,@,CHI,W (+3),1,37:58,7,18,.389,2,6,.333,0,0,,0,5,5,5,0,0,2,0,16,9.2,0
21,21,1996-12-10,30-100,MIA,@,CLE,W (+2),1,37:14,7,14,.500,4,8,.500,7,7,1.000,1,3,4,1,0,0,0,2,25,19.5,-3
22,22,1996-12-11,30-101,MIA,@,PHI,W (+5),1,38:28,8,20,.400,0,5,.000,5,7,.714,0,5,5,8,3,0,2,3,21,16.3,+3
23,23,1996-12-14,30-104,MIA,,TOR,W (+1),1,34:45,3,8,.375,1,4,.250,8,12,.667,0,0,0,6,2,0,5,3,15,9.0,+5
24,24,1996-12-17,30-107,MIA,,IND,L (-14),1,8:25,1,4,.250,0,1,.000,0,0,,0,0,0,2,1,0,1,1,2,0.6,0
25,25,1996-12-19,30-109,MIA,,UTA,L (-7),1,44:22,9,23,.391,1,6,.167,5,9,.556,1,1,2,8,1,0,3,3,24,13.3,-10
26,26,1996-12-21,30-111,MIA,@,HOU,W (+20),1,39:06,7,23,.304,2,10,.200,2,2,1.000,0,3,3,7,2,0,2,0,18,10.5,+10
27,27,1996-12-23,30-113,MIA,@,SAS,W (+11),1,39:47,5,16,.313,1,5,.200,0,0,,1,3,4,8,0,0,2,0,11,7.0,+12
28,28,1996-12-26,30-116,MIA,,ORL,W (+20),1,39:33,9,14,.643,1,3,.333,6,6,1.000,0,6,6,10,2,0,1,1,25,28.2,+20
29,29,1996-12-27,30-117,MIA,@,CHH,W (+15),1,44:45,9,19,.474,2,6,.333,6,8,.750,3,2,5,11,2,0,3,2,26,24.1,+17
30,30,1996-12-29,30-119,MIA,@,MIL,W (+1),1,48:00,14,24,.583,4,10,.400,4,5,.800,0,2,2,8,3,1,4,2,36,29.5,+1
31,31,1997-01-02,30-123,MIA,,NJN,W (+10),1,43:00,7,14,.500,2,5,.400,2,2,1.000,0,7,7,12,1,0,3,4,18,17.9,+20
32,32,1997-01-04,30-125,MIA,@,UTA,L (-3),1,40:34,5,18,.278,0,8,.000,5,6,.833,3,4,7,8,1,0,3,3,15,9.7,-1
33,33,1997-01-07,30-128,MIA,@,SEA,L (-9),1,35:49,9,21,.429,4,8,.500,6,6,1.000,0,7,7,3,2,0,5,4,28,16.5,-10
34,34,1997-01-08,30-129,MIA,@,POR,W (+4),1,41:56,10,21,.476,5,7,.714,3,5,.600,0,6,6,7,0,0,5,0,28,18.2,+5
35,35,1997-01-10,30-131,MIA,@,LAL,L (-9),1,44:35,6,18,.333,0,7,.000,2,4,.500,0,2,2,11,2,0,2,3,14,10.1,-4
36,36,1997-01-13,30-134,MIA,,WSB,W (+3),1,39:46,10,17,.588,5,8,.625,3,4,.750,0,2,2,9,2,0,4,2,28,23.8,+6
37,37,1997-01-16,30-137,MIA,@,BOS,W (+8),1,43:11,7,17,.412,3,7,.429,5,6,.833,0,7,7,13,2,0,3,4,22,21.1,+21
38,38,1997-01-17,30-138,MIA,@,WSB,W (+11),1,38:44,4,18,.222,0,6,.000,1,2,.500,1,1,2,10,4,0,4,1,9,5.2,+8
39,39,1997-01-19,30-140,MIA,,ORL,L (-12),1,44:04,4,12,.333,1,4,.250,0,0,,0,2,2,9,1,0,6,5,9,2.1,-12
40,40,1997-01-21,30-142,MIA,,ATL,W (+3),1,41:22,9,21,.429,6,9,.667,0,0,,1,2,3,11,0,0,0,2,24,21.1,-2
41,41,1997-01-23,30-144,MIA,@,TOR,W (+12),1,38:06,10,19,.526,1,7,.143,5,5,1.000,0,2,2,9,1,1,5,3,26,19.1,+15
42,42,1997-01-26,30-147,MIA,@,NYK,L (-6),1,42:58,4,17,.235,2,8,.250,1,2,.500,0,4,4,12,2,0,3,3,11,7.7,-5
43,43,1997-01-27,30-148,MIA,,PHO,W (+28),1,23:09,7,13,.538,5,6,.833,2,2,1.000,0,3,3,10,2,1,0,2,21,24.5,+19
44,44,1997-01-29,30-150,MIA,,BOS,W (+20),1,32:45,6,12,.500,2,6,.333,1,2,.500,0,1,1,7,4,0,6,3,15,10.6,+28
45,45,1997-02-01,30-153,MIA,@,CLE,W (+5),1,37:30,3,15,.200,0,5,.000,5,5,1.000,0,2,2,9,3,0,2,1,11,9.2,-3
46,46,1997-02-02,30-154,MIA,,CLE,W (+4),1,36:45,4,12,.333,0,4,.000,12,16,.750,1,3,4,4,2,1,1,2,20,16.9,+6
47,47,1997-02-05,30-157,MIA,@,BOS,W (+1),1,39:03,8,18,.444,5,10,.500,2,4,.500,0,2,2,15,3,0,3,3,23,22.7,+12
48,48,1997-02-06,30-158,MIA,,MIL,W (+12),1,38:27,9,17,.529,1,8,.125,3,3,1.000,0,2,2,9,1,0,3,3,22,17.4,+13
49,49,1997-02-11,30-163,MIA,,DET,W (+13),1,37:02,11,17,.647,3,8,.375,6,6,1.000,1,2,3,10,3,0,2,1,31,32.4,+24
50,50,1997-02-13,30-165,MIA,,IND,W (+16),1,32:41,6,13,.462,2,5,.400,4,5,.800,1,2,3,14,4,0,4,2,18,21.2,+18
51,51,1997-02-15,30-167,MIA,,PHI,W (+26),1,28:30,4,14,.286,4,10,.400,3,4,.750,0,2,2,13,3,0,1,1,15,17.7,+25
52,52,1997-02-18,30-170,MIA,@,PHI,W (+28),1,37:29,11,21,.524,4,9,.444,3,4,.750,0,1,1,6,2,0,3,4,29,20.2,+18
53,53,1997-02-20,30-172,MIA,@,NJN,W (+5),1,42:43,12,24,.500,5,10,.500,6,6,1.000,0,2,2,6,3,0,2,3,35,27.6,+9
54,54,1997-02-21,30-173,MIA,,POR,L (-4),1,41:01,4,17,.235,0,7,.000,8,10,.800,2,2,4,11,1,1,4,1,16,11.9,+2
55,55,1997-02-23,30-175,MIA,,DEN,W (+9),1,37:37,5,20,.250,1,4,.250,3,3,1.000,0,2,2,6,3,0,3,2,14,6.0,-2
56,56,1997-02-26,30-178,MIA,@,ORL,L (-12),1,35:25,4,16,.250,2,10,.200,6,6,1.000,0,2,2,4,0,0,7,6,16,0.4,-8
57,57,1997-02-28,30-180,MIA,,SEA,L (-1),1,41:24,9,19,.474,6,12,.500,5,5,1.000,2,7,9,11,0,0,4,1,29,26.1,+2
58,58,1997-03-02,30-182,MIA,,SAS,W (+7),1,41:22,5,11,.455,1,3,.333,0,0,,2,3,5,10,0,0,1,1,11,13.2,+6
59,59,1997-03-04,30-184,MIA,@,DET,W (+9),1,44:36,10,20,.500,4,9,.444,4,4,1.000,1,3,4,16,1,0,3,1,28,28.4,+12
60,60,1997-03-06,30-186,MIA,,WSB,L (-4),1,40:00,6,22,.273,3,8,.375,1,1,1.000,1,6,7,7,1,1,3,6,16,6.7,+3
61,61,1997-03-07,30-187,MIA,@,WSB,W (+3),1,50:32,13,25,.520,6,12,.500,13,14,.929,1,6,7,7,4,0,6,3,45,36.5,+1
62,62,1997-03-09,30-189,MIA,@,CHH,L (-6),1,41:43,11,24,.458,3,10,.300,6,7,.857,1,3,4,4,4,0,2,0,31,24.6,-5
63,63,1997-03-11,30-191,MIA,@,MIL,W (+15),1,43:29,11,25,.440,6,12,.500,1,1,1.000,1,4,5,12,2,0,1,2,29,26.4,+15
64,64,1997-03-14,30-194,MIA,,VAN,W (+6),1,42:21,8,22,.364,3,11,.273,0,0,,0,1,1,12,3,0,4,1,19,14.1,+7
65,65,1997-03-16,30-196,MIA,,HOU,W (+21),1,39:52,12,25,.480,6,13,.462,1,1,1.000,1,2,3,9,0,0,3,0,31,22.9,+19
66,66,1997-03-19,30-199,MIA,,GSW,W (+2),1,44:08,4,21,.190,2,14,.143,4,6,.667,0,1,1,9,0,0,0,2,14,5.9,-3
67,67,1997-03-21,30-201,MIA,,LAL,W (+1),1,40:33,7,22,.318,5,13,.385,2,3,.667,1,4,5,7,2,1,3,0,21,14.5,+5
68,68,1997-03-23,30-203,MIA,@,MIN,W (+5),1,40:11,6,17,.353,3,6,.500,7,8,.875,0,2,2,8,2,0,3,2,22,16.5,-6
69,69,1997-03-26,30-206,MIA,,SAC,W (+13),1,33:58,8,19,.421,5,10,.500,5,6,.833,2,0,2,11,2,0,3,4,26,22.0,+14
70,70,1997-03-28,30-208,MIA,,CLE,W (+4),1,40:31,4,17,.235,1,8,.125,4,5,.800,1,2,3,8,1,0,0,4,13,8.6,-4
71,71,1997-03-30,30-210,MIA,@,TOR,L (-5),1,41:45,5,11,.455,3,7,.429,0,0,,0,2,2,12,5,0,3,3,13,17.1,+7
72,72,1997-04-01,30-212,MIA,,LAC,W (+10),1,43:21,10,24,.417,2,8,.250,4,6,.667,0,3,3,13,4,0,4,2,26,21.6,+27
73,73,1997-04-03,30-214,MIA,@,IND,W (+14),1,38:59,2,8,.250,0,4,.000,4,4,1.000,0,4,4,11,1,0,4,1,8,8.7,+24
74,74,1997-04-05,30-216,MIA,,TOR,W (+14),1,38:09,8,18,.444,1,5,.200,3,4,.750,1,2,3,9,3,0,1,1,20,19.4,+25
75,75,1997-04-07,30-218,MIA,@,DET,W (+6),1,40:50,6,18,.333,1,7,.143,6,7,.857,3,5,8,9,1,0,3,0,19,16.3,+14
76,76,1997-04-08,30-219,MIA,@,NJN,W (+2),1,42:32,10,21,.476,6,12,.500,0,2,.000,0,3,3,5,0,0,3,2,26,15.1,+12
77,77,1997-04-10,30-221,MIA,,DET,W (+10),1,48:00,11,21,.524,5,12,.417,3,3,1.000,0,3,3,9,1,0,3,3,30,23.7,+10
78,78,1997-04-12,30-223,MIA,,NYK,L (-1),1,42:07,9,19,.474,4,11,.364,6,7,.857,1,1,2,9,1,0,5,3,28,20.0,0
79,79,1997-04-14,30-225,MIA,,MIN,L (-8),1,38:26,6,19,.316,2,10,.200,1,3,.333,1,1,2,8,5,1,1,2,15,13.8,-8
80,80,1997-04-16,30-227,MIA,,CHI,W (+10),1,40:11,9,20,.450,3,8,.375,1,4,.250,0,3,3,9,4,0,1,0,22,20.6,+10
81,81,1997-04-18,30-229,MIA,,NJN,L (-12),1,28:23,3,7,.429,1,3,.333,0,0,,0,1,1,5,0,0,1,2,7,5.3,-1
82,,1997-04-19,30-230,MIA,@,ORL,W (+14),Did Not Play,Did Not Play,Did Not Play,Did Not Play,Did Not Play,Did Not Play,Did Not Play,Did Not Play,Did Not Play,Did Not Play,Did Not Play,Did Not Play,Did Not Play,Did Not Play,Did Not Play,Did Not Play,Did Not Play,Did Not Play,Did Not Play,Did Not Play,Did Not Play,Did Not Play
1,1,1997-10-31,31-060,MIA,,TOR,W (+13),1,37:02,7,14,.500,4,6,.667,3,3,1.000,0,4,4,11,2,0,4,1,21,20.5,+13
2,2,1997-11-01,31-061,MIA,@,WAS,W (+1),1,39:37,10,22,.455,2,5,.400,4,5,.800,0,3,3,11,2,0,3,4,26,20.2,+4
3,3,1997-11-03,31-063,MIA,,CHH,L (-13),1,30:50,6,12,.500,1,4,.250,0,0,,1,1,2,3,3,0,4,3,13,7.9,-4
4,4,1997-11-05,31-065,MIA,@,BOS,W (+16),1,39:38,6,12,.500,2,2,1.000,0,0,,0,2,2,10,3,0,5,1,14,13.2,+9
5,5,1997-11-07,31-067,MIA,@,NJN,L (-12),1,40:39,7,12,.583,2,4,.500,4,5,.800,1,5,6,3,4,0,4,2,20,17.5,-8
6,6,1997-11-08,31-068,MIA,,WAS,W (+8),1,43:04,10,24,.417,3,7,.429,2,2,1.000,2,2,4,12,1,0,5,3,25,17.4,+10
7,7,1997-11-11,31-071,MIA,,SAC,W (+19),1,29:51,2,6,.333,0,2,.000,1,2,.500,0,1,1,9,0,0,3,2,5,4.0,+17
8,8,1997-11-14,31-074,MIA,@,IND,L (-4),1,41:02,4,17,.235,2,7,.286,2,2,1.000,0,5,5,8,1,0,5,3,12,3.6,-1
9,9,1997-11-15,31-075,MIA,,DEN,W (+3),1,35:40,10,16,.625,3,5,.600,3,4,.750,3,8,11,8,1,0,2,3,26,26.3,+2
10,10,1997-11-19,31-079,MIA,,LAC,W (+9),1,30:56,13,20,.650,4,6,.667,3,3,1.000,1,1,2,11,3,0,0,0,33,35.9,+21
11,11,1997-11-21,31-081,MIA,@,CHH,L (-17),1,43:39,9,18,.500,3,5,.600,2,2,1.000,1,5,6,10,3,0,2,3,23,23.0,-17
12,12,1997-11-22,31-082,MIA,,TOR,W (+4),1,42:47,6,15,.400,0,5,.000,3,6,.500,0,6,6,13,1,2,2,1,15,16.6,+8
13,13,1997-11-25,31-085,MIA,,LAL,W (+17),1,39:50,9,22,.409,3,8,.375,1,1,1.000,2,6,8,7,1,0,2,3,22,16.1,+22
14,14,1997-11-26,31-086,MIA,@,ORL,W (+24),1,28:53,5,13,.385,0,4,.000,2,2,1.000,0,2,2,5,1,2,1,2,12,9.6,+19
15,15,1997-11-29,31-089,MIA,,MIL,L (-6),1,36:26,8,16,.500,1,6,.167,9,10,.900,1,5,6,5,0,0,3,1,26,19.9,-1
16,16,1997-12-03,31-093,MIA,,PHI,W (+4),1,39:18,6,16,.375,2,4,.500,6,8,.750,0,2,2,11,4,0,3,3,20,18.5,-2
17,17,1997-12-05,31-095,MIA,,BOS,W (+20),1,35:17,6,12,.500,0,4,.000,6,6,1.000,0,6,6,10,4,1,2,3,18,22.3,+23
18,18,1997-12-08,31-098,MIA,,NJN,W (+8),1,42:09,10,23,.435,3,7,.429,0,0,,2,2,4,9,2,0,1,3,23,19.0,+11
19,19,1997-12-09,31-099,MIA,@,ATL,W (+16),1,40:19,4,14,.286,1,6,.167,1,1,1.000,0,8,8,10,1,0,2,2,10,9.4,+15
20,20,1997-12-12,31-102,MIA,@,IND,L (-15),1,38:25,10,18,.556,3,5,.600,5,7,.714,1,1,2,10,5,1,0,3,28,31.1,-12
21,21,1997-12-13,31-103,MIA,@,MIL,W (+3),1,43:30,7,18,.389,0,2,.000,7,12,.583,1,8,9,11,3,0,4,3,21,17.8,+3
22,22,1997-12-16,31-106,MIA,,UTA,L (-8),1,36:45,7,18,.389,1,4,.250,6,8,.750,0,4,4,11,1,0,0,5,21,18.3,-2
23,23,1997-12-17,31-107,MIA,@,WAS,L (-14),1,26:31,0,6,.000,0,1,.000,0,0,,2,4,6,6,1,1,4,2,0,-0.5,-25
24,24,1997-12-19,31-109,MIA,@,PHI,W (+7),1,41:10,9,17,.529,0,3,.000,4,7,.571,0,5,5,14,2,0,1,2,22,24.0,+10
25,25,1997-12-20,31-110,MIA,,ATL,W (+7),1,36:49,7,16,.438,2,5,.400,2,2,1.000,3,3,6,13,8,1,0,3,18,29.2,+10
26,26,1997-12-25,31-115,MIA,@,CHI,L (-10),1,42:33,7,19,.368,4,7,.571,0,0,,2,3,5,11,0,0,3,4,18,12.9,-4
27,27,1997-12-26,31-116,MIA,@,DET,W (+14),1,34:16,5,14,.357,3,7,.429,2,2,1.000,0,1,1,5,2,1,4,1,15,9.3,+12
28,28,1997-12-28,31-118,MIA,,IND,W (+11),1,39:17,6,15,.400,1,3,.333,8,10,.800,1,5,6,10,2,0,2,3,21,20.1,+11
29,29,1997-12-30,31-120,MIA,@,CLE,W (+12),1,38:52,12,23,.522,5,10,.500,0,0,,0,4,4,7,2,0,4,2,29,21.0,+20
30,30,1998-01-02,31-123,MIA,@,CHH,L (-11),1,45:11,9,20,.450,3,9,.333,2,4,.500,1,2,3,10,1,0,3,2,23,17.3,-10
31,31,1998-01-03,31-124,MIA,,SAS,L (-7),1,41:11,6,13,.462,1,5,.200,0,0,,0,3,3,5,1,1,4,3,13,7.2,0
32,32,1998-01-07,31-128,MIA,,CHI,W (+27),1,32:15,6,11,.545,1,3,.333,4,4,1.000,0,2,2,13,1,0,3,1,17,19.0,+16
33,33,1998-01-09,31-130,MIA,@,DEN,W (+19),1,36:09,4,11,.364,1,4,.250,3,6,.500,0,3,3,9,0,1,5,2,12,6.8,+28
34,34,1998-01-11,31-132,MIA,@,VAN,W (+6),1,37:10,6,16,.375,1,4,.250,7,9,.778,1,4,5,9,5,0,5,2,20,17.8,+2
35,35,1998-01-13,31-134,MIA,@,POR,W (+8),1,37:51,5,13,.385,1,5,.200,4,6,.667,1,5,6,6,2,0,3,1,15,12.1,+7
36,36,1998-01-15,31-136,MIA,@,SEA,L (-18),1,37:05,5,14,.357,2,6,.333,0,0,,0,0,0,3,1,0,5,6,12,-0.1,-15
37,37,1998-01-17,31-138,MIA,@,LAL,L (-9),1,41:34,7,12,.583,1,3,.333,0,0,,0,3,3,8,2,0,5,4,15,11.3,-12
38,38,1998-01-18,31-139,MIA,@,PHO,L (-9),1,38:47,5,18,.278,1,7,.143,5,5,1.000,1,3,4,4,2,0,5,3,16,5.6,-12
39,39,1998-01-21,31-142,MIA,,PHI,W (+5),1,36:56,11,24,.458,1,8,.125,1,1,1.000,1,4,5,11,4,0,4,4,24,19.6,+13
40,40,1998-01-23,31-144,MIA,,ORL,W (+12),1,39:41,10,16,.625,3,5,.600,4,4,1.000,2,3,5,5,1,0,3,4,27,22.0,+7
41,41,1998-01-26,31-147,MIA,,CLE,L (-1),1,41:07,11,19,.579,5,9,.556,6,6,1.000,0,4,4,8,3,0,4,2,33,29.1,+2
42,42,1998-01-28,31-149,MIA,,NYK,W (+4),1,39:29,11,20,.550,4,10,.400,1,2,.500,0,5,5,8,2,0,3,3,27,21.9,+4
43,43,1998-01-30,31-151,MIA,,PHO,L (-3),1,39:07,7,23,.304,1,9,.111,4,4,1.000,0,3,3,2,2,0,3,4,19,5.4,-4
44,44,1998-02-01,31-153,MIA,@,NYK,L (-6),1,41:15,4,14,.286,1,6,.167,8,14,.571,2,6,8,5,3,0,4,6,17,9.7,-1
45,45,1998-02-02,31-154,MIA,,ATL,W (+7),1,38:51,4,12,.333,1,5,.200,2,3,.667,0,1,1,13,0,0,1,2,11,11.4,+4
46,46,1998-02-04,31-156,MIA,@,PHI,W (+14),1,34:19,5,9,.556,3,5,.600,2,3,.667,0,0,0,5,1,0,2,3,15,11.6,+5
47,47,1998-02-05,31-157,MIA,@,MIL,W (+4),1,39:49,7,21,.333,3,8,.375,2,3,.667,1,2,3,7,2,0,1,2,19,13.1,+8
48,48,1998-02-10,31-162,MIA,@,CLE,W (+10),1,28:37,2,7,.286,1,3,.333,6,8,.750,0,5,5,8,2,0,5,3,11,9.0,+7
49,49,1998-02-11,31-163,MIA,,IND,L (-9),1,40:37,11,21,.524,6,8,.750,4,4,1.000,2,1,3,4,3,0,4,3,32,24.0,-10
50,50,1998-02-13,31-165,MIA,,DET,W (+14),1,39:15,7,11,.636,5,7,.714,3,4,.750,0,1,1,6,1,0,3,2,22,18.4,+17
51,51,1998-02-15,31-167,MIA,@,TOR,W (+21),1,36:33,4,10,.400,2,7,.286,3,4,.750,0,2,2,7,2,0,5,2,13,8.9,+12
52,52,1998-02-17,31-169,MIA,,MIN,W (+26),1,33:21,7,16,.438,3,8,.375,0,0,,0,2,2,9,1,0,2,1,17,14.1,+24
53,53,1998-02-19,31-171,MIA,@,LAC,W (+9),1,32:14,7,15,.467,2,6,.333,0,0,,0,2,2,5,1,0,0,1,16,13.0,+24
54,54,1998-02-20,31-172,MIA,@,SAC,W (+14),1,29:49,8,21,.381,2,6,.333,3,4,.750,1,2,3,6,3,1,0,4,21,16.7,+18
55,55,1998-02-22,31-174,MIA,@,GSW,W (+8),1,40:07,8,17,.471,3,5,.600,5,6,.833,0,0,0,10,2,0,1,3,24,21.7,+5
56,56,1998-02-24,31-176,MIA,@,UTA,W (+2),1,35:45,6,16,.375,2,8,.250,4,5,.800,1,3,4,4,0,0,3,2,18,9.4,-6
57,57,1998-02-26,31-178,MIA,,DAL,W (+19),1,29:08,8,14,.571,3,5,.600,1,2,.500,1,1,2,8,2,0,0,1,20,21.2,+20
58,58,1998-02-28,31-180,MIA,@,NJN,W (+2),1,21:32,3,7,.429,0,2,.000,1,2,.500,0,3,3,7,0,1,4,4,7,3.8,-17
59,59,1998-03-01,31-181,MIA,,NJN,W (+1),1,42:43,3,14,.214,0,2,.000,2,3,.667,0,7,7,9,2,0,4,4,8,3.8,+4
60,60,1998-03-03,31-183,MIA,,SEA,L (-6),1,46:36,8,20,.400,4,10,.400,0,0,,1,5,6,11,0,0,3,1,20,15.7,-4
61,61,1998-03-05,31-185,MIA,@,HOU,W (+24),1,33:34,10,20,.500,2,8,.250,3,3,1.000,0,2,2,10,1,2,2,2,25,22.2,+22
62,62,1998-03-07,31-187,MIA,@,DAL,W (+6),1,39:11,9,17,.529,1,5,.200,8,10,.800,1,1,2,4,1,0,2,3,27,19.5,+12
63,63,1998-03-10,31-190,MIA,@,CHI,L (-15),1,40:34,6,17,.353,0,3,.000,7,8,.875,0,2,2,4,0,0,3,3,19,8.3,-12
64,64,1998-03-12,31-192,MIA,,CLE,W (+23),1,27:09,4,14,.286,2,6,.333,0,0,,0,2,2,6,2,0,2,0,10,6.6,+26
65,65,1998-03-15,31-195,MIA,@,ORL,W (+3),1,41:24,8,19,.421,2,7,.286,4,4,1.000,0,0,0,5,4,0,2,3,22,16.2,+1
66,66,1998-03-16,31-196,MIA,,DET,L (-13),1,34:51,5,13,.385,1,6,.167,2,2,1.000,0,2,2,11,1,0,3,3,13,11.0,-19
67,67,1998-03-18,31-198,MIA,,VAN,W (+3),1,38:55,9,23,.391,3,8,.375,2,2,1.000,1,0,1,11,0,0,3,1,23,15.5,+4
68,68,1998-03-20,31-200,MIA,,GSW,W (+6),1,38:45,6,8,.750,2,2,1.000,3,6,.500,1,2,3,7,2,0,2,0,17,18.8,+21
69,69,1998-03-22,31-202,MIA,,POR,W (+32),1,29:25,5,13,.385,4,8,.500,6,8,.750,0,5,5,13,0,0,1,0,20,21.7,+35
70,70,1998-03-25,31-205,MIA,@,BOS,W (+14),1,42:10,8,21,.381,1,7,.143,5,5,1.000,1,3,4,14,1,0,3,0,22,19.9,+17
71,71,1998-03-27,31-207,MIA,,MIL,W (+25),1,28:25,4,12,.333,0,4,.000,3,3,1.000,2,3,5,10,0,0,3,3,11,9.3,+18
72,72,1998-03-29,31-209,MIA,,HOU,W (+32),1,34:44,6,15,.400,0,3,.000,1,1,1.000,0,2,2,15,0,0,2,1,13,13.6,+17
73,73,1998-03-31,31-211,MIA,,BOS,W (+26),1,25:49,5,8,.625,1,4,.250,3,4,.750,0,2,2,7,1,0,2,2,14,13.7,+27
74,74,1998-04-02,31-213,MIA,@,SAS,L (-14),1,41:06,6,16,.375,2,7,.286,7,7,1.000,1,1,2,7,1,0,2,4,21,15.5,-20
75,75,1998-04-04,31-215,MIA,,CHH,W (+13),1,36:11,11,21,.524,3,5,.600,4,6,.667,0,4,4,10,2,0,2,0,29,26.1,+21
76,76,1998-04-07,31-218,MIA,@,MIN,L (-3),1,38:44,7,21,.333,0,5,.000,2,3,.667,0,3,3,5,2,1,4,3,16,5.6,+2
77,77,1998-04-08,31-219,MIA,@,NYK,L (-3),1,46:25,6,22,.273,1,3,.333,3,4,.750,0,2,2,11,0,0,3,4,16,6.3,0
78,78,1998-04-10,31-221,MIA,@,TOR,W (+6),1,50:32,9,24,.375,4,8,.500,6,8,.750,1,4,5,12,0,0,4,3,28,19.1,+3
79,79,1998-04-12,31-223,MIA,,NYK,W (+1),1,40:52,7,17,.412,1,4,.250,6,8,.750,0,7,7,5,0,0,4,3,21,11.5,-6
80,80,1998-04-15,31-226,MIA,,ORL,L (-12),1,37:06,7,18,.389,2,5,.400,6,6,1.000,0,5,5,11,1,0,2,2,22,19.6,-3
81,81,1998-04-17,31-228,MIA,,WAS,L (-8),1,35:37,7,14,.500,1,2,.500,3,5,.600,0,0,0,5,2,0,1,4,18,13.1,-12
1,1,1999-02-05,32-157,MIA,,DET,L (-14),1,41:35,7,17,.412,4,9,.444,0,1,.000,0,2,2,7,1,1,2,2,18,12.9,-14
2,2,1999-02-07,32-159,MIA,@,NYK,W (+4),1,38:11,4,15,.267,2,3,.667,1,2,.500,1,2,3,7,2,0,2,0,11,7.9,+12
3,3,1999-02-08,32-160,MIA,@,CHH,L (-3),1,39:21,9,23,.391,7,14,.500,7,7,1.000,0,2,2,6,0,0,1,3,32,22.1,-5
4,4,1999-02-09,32-161,MIA,,BOS,L (-7),1,41:49,5,16,.313,1,5,.200,13,15,.867,0,4,4,9,1,0,3,3,24,18.3,-7
5,5,1999-02-11,32-163,MIA,,TOR,W (+18),1,38:27,9,18,.500,5,10,.500,4,5,.800,0,6,6,9,4,0,1,3,27,27.5,+19
6,6,1999-02-15,32-167,MIA,,NJN,W (+23),1,31:40,3,6,.500,1,3,.333,2,2,1.000,0,4,4,3,1,0,2,1,9,7.9,+11
7,7,1999-02-16,32-168,MIA,@,IND,W (+11),1,39:04,7,19,.368,1,6,.167,3,4,.750,0,2,2,9,1,0,2,1,18,12.6,+8
8,8,1999-02-17,32-169,MIA,@,DET,W (+11),1,42:32,9,16,.563,4,8,.500,7,8,.875,0,7,7,9,2,0,6,3,29,24.2,+22
9,9,1999-02-20,32-172,MIA,,HOU,W (+10),1,42:47,5,18,.278,3,7,.429,4,4,1.000,0,3,3,11,0,1,1,2,17,13.9,+15
10,10,1999-02-23,32-175,MIA,@,WAS,W (+16),1,35:13,8,18,.444,3,4,.750,1,2,.500,0,1,1,6,0,0,4,1,20,10.3,+6
11,11,1999-02-24,32-176,MIA,@,CHH,W (+8),1,37:59,4,19,.211,2,7,.286,3,4,.750,0,0,0,6,1,0,3,1,13,2.7,-1
12,12,1999-02-26,32-178,MIA,@,DET,L (-2),1,16:05,3,6,.500,2,3,.667,0,0,,0,2,2,5,2,0,1,1,8,9.7,-4
13,,1999-02-28,32-180,MIA,,ORL,W (+6),Did Not Dress,Did Not Dress,Did Not Dress,Did Not Dress,Did Not Dress,Did Not Dress,Did Not Dress,Did Not Dress,Did Not Dress,Did Not Dress,Did Not Dress,Did Not Dress,Did Not Dress,Did Not Dress,Did Not Dress,Did Not Dress,Did Not Dress,Did Not Dress,Did Not Dress,Did Not Dress,Did Not Dress,Did Not Dress
14,13,1999-03-02,32-182,MIA,,NYK,W (+1),1,43:57,6,20,.300,4,9,.444,1,2,.500,1,5,6,6,1,0,2,0,17,10.4,-2
15,14,1999-03-04,32-184,MIA,,DEN,W (+8),1,37:48,7,16,.438,4,6,.667,0,0,,1,1,2,8,2,0,4,1,18,13.8,-3
16,15,1999-03-05,32-185,MIA,@,PHI,W (+11),1,43:39,9,20,.450,4,10,.400,4,6,.667,0,3,3,10,3,0,3,2,26,21.9,+18
17,16,1999-03-07,32-187,MIA,@,IND,L (-13),1,43:02,5,16,.313,3,8,.375,2,2,1.000,1,6,7,9,0,0,1,3,15,12.4,-5
18,17,1999-03-08,32-188,MIA,,PHI,W (+2),1,31:46,4,14,.286,1,5,.200,3,3,1.000,0,2,2,10,2,0,6,4,12,5.8,-6
19,18,1999-03-10,32-190,MIA,,ATL,W (+10),1,35:58,7,18,.389,5,8,.625,2,2,1.000,0,5,5,8,1,1,2,2,21,17.2,+17
20,19,1999-03-11,32-191,MIA,,TOR,W (+10),1,36:12,4,11,.364,2,5,.400,0,0,,0,5,5,10,0,0,2,1,10,10.0,+16
21,20,1999-03-14,32-194,MIA,,NJN,W (+26),1,31:50,7,18,.389,2,7,.286,4,5,.800,0,1,1,8,3,0,1,1,20,17.3,+19
22,21,1999-03-16,32-196,MIA,,WAS,W (+9),1,39:09,9,20,.450,2,7,.286,4,6,.667,1,4,5,9,1,0,2,3,24,18.8,+3
23,22,1999-03-17,32-197,MIA,@,ATL,W (+1),1,41:28,9,19,.474,2,10,.200,4,4,1.000,0,1,1,8,0,0,3,1,24,16.8,+1
24,23,1999-03-20,32-200,MIA,,IND,L (-5),1,41:48,10,24,.417,4,10,.400,4,5,.800,1,1,2,8,1,0,3,0,28,19.4,-4
25,24,1999-03-23,32-203,MIA,@,UTA,L (-3),1,41:15,12,23,.522,6,13,.462,0,0,,0,3,3,6,2,0,6,2,30,19.0,+1
26,25,1999-03-24,32-204,MIA,@,MIL,W (+8),1,38:42,7,17,.412,1,7,.143,7,8,.875,0,3,3,6,1,0,3,1,22,15.2,+16
27,26,1999-03-26,32-206,MIA,@,MIN,L (-7),1,36:01,5,17,.294,1,5,.200,3,3,1.000,0,0,0,8,0,0,1,4,14,7.1,-8
28,27,1999-03-28,32-208,MIA,@,ORL,L (-7),1,40:37,8,15,.533,1,6,.167,4,5,.800,0,2,2,5,0,0,8,4,21,7.8,-11
29,28,1999-04-01,32-212,MIA,,PHI,L (-4),1,40:46,5,19,.263,3,8,.375,6,8,.750,0,4,4,7,1,0,0,2,19,13.2,-1
30,29,1999-04-03,32-214,MIA,@,NJN,L (-11),1,39:44,3,18,.167,0,7,.000,0,0,,0,7,7,6,2,0,5,6,6,-4.5,-9
31,30,1999-04-04,32-215,MIA,@,WAS,W (+11),1,38:31,6,15,.400,1,6,.167,7,9,.778,0,2,2,8,1,0,3,3,20,14.1,+6
32,31,1999-04-06,32-217,MIA,@,TOR,W (+22),1,30:55,3,10,.300,0,3,.000,0,0,,0,3,3,5,1,0,0,2,6,4.8,+15
33,32,1999-04-07,32-218,MIA,,DAL,W (+6),1,37:55,8,21,.381,1,6,.167,2,4,.500,1,2,3,9,1,0,1,3,19,13.1,+5
34,33,1999-04-10,32-221,MIA,@,CHI,W (+33),1,28:22,8,16,.500,3,6,.500,3,3,1.000,1,6,7,6,0,0,1,1,22,19.3,+28
35,34,1999-04-11,32-222,MIA,,MIL,W (+3),1,33:48,5,12,.417,3,5,.600,1,1,1.000,1,2,3,6,0,0,2,1,14,10.7,-10
36,35,1999-04-13,32-224,MIA,,CHI,W (+16),1,32:14,5,9,.556,3,5,.600,5,6,.833,1,4,5,7,1,1,4,1,18,17.4,+10
37,36,1999-04-14,32-225,MIA,@,MIL,L (-12),1,34:58,8,13,.615,1,3,.333,1,1,1.000,0,1,1,5,3,0,3,3,18,14.7,-9
38,37,1999-04-16,32-227,MIA,@,BOS,L (-1),1,38:37,8,20,.400,2,9,.222,1,1,1.000,0,3,3,6,0,0,4,1,19,8.9,-4
39,38,1999-04-18,32-229,MIA,,IND,W (+4),1,37:20,5,17,.294,1,5,.200,1,1,1.000,1,4,5,9,0,0,0,1,12,9.9,+12
40,39,1999-04-19,32-230,MIA,@,CLE,W (+7),1,33:20,2,5,.400,2,4,.500,0,0,,0,1,1,8,1,1,5,2,6,5.1,+5
41,40,1999-04-21,32-232,MIA,,CLE,W (+13),1,29:48,5,8,.625,1,3,.333,3,4,.750,1,1,2,7,0,1,4,3,14,11.4,+26
42,41,1999-04-22,32-233,MIA,@,ORL,W (+5),1,40:42,5,11,.455,2,4,.500,1,1,1.000,0,5,5,6,1,0,2,2,13,11.2,+1
43,42,1999-04-25,32-236,MIA,,NYK,L (-2),1,37:42,5,12,.417,2,4,.500,0,0,,0,2,2,9,4,0,2,2,12,13.7,+3
44,43,1999-04-26,32-237,MIA,@,CLE,W (+25),1,29:14,5,11,.455,2,4,.500,0,2,.000,0,3,3,7,0,0,2,4,12,7.7,+19
45,44,1999-04-27,32-238,MIA,@,NJN,W (+19),1,23:06,6,13,.462,0,5,.000,0,0,,0,2,2,5,2,0,1,2,12,9.6,+10
46,45,1999-04-29,32-240,MIA,,BOS,L (-11),1,33:08,5,12,.417,3,8,.375,1,1,1.000,1,1,2,10,1,0,9,5,14,5.6,+3
47,46,1999-05-01,32-242,MIA,,CHI,L (-15),1,40:27,8,18,.444,2,8,.250,2,2,1.000,0,1,1,6,3,0,1,3,20,15.9,-8
48,47,1999-05-02,32-243,MIA,,CHH,W (+7),1,41:53,8,19,.421,0,5,.000,0,0,,1,4,5,7,2,0,4,3,16,9.5,+5
49,48,1999-05-04,32-245,MIA,,ATL,W (+14),1,37:43,6,14,.429,3,8,.375,0,0,,1,2,3,7,1,0,3,2,15,11.0,+14
50,,1999-05-05,32-246,MIA,@,NYK,L (-13),Did Not Play,Did Not Play,Did Not Play,Did Not Play,Did Not Play,Did Not Play,Did Not Play,Did Not Play,Did Not Play,Did Not Play,Did Not Play,Did Not Play,Did Not Play,Did Not Play,Did Not Play,Did Not Play,Did Not Play,Did Not Play,Did Not Play,Did Not Play,Did Not Play,Did Not Play
1,1,1999-11-02,33-062,MIA,,DET,W (+6),1,46:13,10,24,.417,3,9,.333,9,10,.900,1,4,5,5,1,0,2,2,32,22.4,+5
2,2,1999-11-04,33-064,MIA,@,TOR,L (-11),1,31:32,5,11,.455,0,1,.000,2,2,1.000,1,2,3,5,0,0,3,1,12,7.7,-7
3,3,1999-11-05,33-065,MIA,@,CHI,W (+18),1,26:13,3,8,.375,0,3,.000,5,5,1.000,0,2,2,6,1,0,4,4,11,6.8,+14
4,4,1999-11-09,33-069,MIA,,IND,W (+12),1,37:02,7,15,.467,2,4,.500,3,3,1.000,1,4,5,14,2,0,1,0,19,24.0,+13
5,5,1999-11-11,33-071,MIA,,DAL,W (+23),1,26:41,6,11,.545,4,8,.500,0,0,,0,2,2,7,2,0,2,2,16,15.4,+6
6,6,1999-11-12,33-072,MIA,@,WAS,W (+9),1,41:57,6,14,.429,4,6,.667,5,8,.625,2,4,6,11,3,0,1,4,21,23.1,+19
7,7,1999-11-14,33-074,MIA,@,NYK,W (+6),1,38:36,3,9,.333,2,5,.400,4,6,.667,0,2,2,9,2,0,1,3,12,12.8,+1
8,8,1999-11-16,33-076,MIA,,POR,L (-5),1,39:18,5,12,.417,2,8,.250,5,7,.714,1,4,5,10,1,0,1,2,17,17.9,-4
9,9,1999-11-17,33-077,MIA,@,PHI,W (+5),1,41:45,7,20,.350,2,6,.333,1,3,.333,3,4,7,7,2,0,1,3,17,13.0,+4
10,10,1999-11-20,33-080,MIA,,BOS,W (+18),1,29:39,5,12,.417,1,4,.250,4,6,.667,0,3,3,6,0,0,4,2,15,8.1,+8
11,11,1999-11-23,33-083,MIA,@,ATL,L (-7),1,33:03,6,14,.429,4,8,.500,1,2,.500,1,1,2,5,0,0,0,5,17,11.7,-12
12,,1999-11-24,33-084,MIA,,ATL,W (+2),Did Not Dress,Did Not Dress,Did Not Dress,Did Not Dress,Did Not Dress,Did Not Dress,Did Not Dress,Did Not Dress,Did Not Dress,Did Not Dress,Did Not Dress,Did Not Dress,Did Not Dress,Did Not Dress,Did Not Dress,Did Not Dress,Did Not Dress,Did Not Dress,Did Not Dress,Did Not Dress,Did Not Dress,Did Not Dress
13,,1999-11-27,33-087,MIA,,WAS,W (+3),Did Not Dress,Did Not Dress,Did Not Dress,Did Not Dress,Did Not Dress,Did Not Dress,Did Not Dress,Did Not Dress,Did Not Dress,Did Not Dress,Did Not Dress,Did Not Dress,Did Not Dress,Did Not Dress,Did Not Dress,Did Not Dress,Did Not Dress,Did Not Dress,Did Not Dress,Did Not Dress,Did Not Dress,Did Not Dress
14,,1999-11-29,33-089,MIA,,SAC,W (+10),Did Not Dress,Did Not Dress,Did Not Dress,Did Not Dress,Did Not Dress,Did Not Dress,Did Not Dress,Did Not Dress,Did Not Dress,Did Not Dress,Did Not Dress,Did Not Dress,Did Not Dress,Did Not Dress,Did Not Dress,Did Not Dress,Did Not Dress,Did Not Dress,Did Not Dress,Did Not Dress,Did Not Dress,Did Not Dress
15,12,2000-01-21,33-142,MIA,,ATL,W (+22),1,26:32,1,6,.167,0,2,.000,0,0,,0,1,1,11,0,0,0,2,2,5.4,+7
16,13,2000-01-23,33-144,MIA,@,HOU,L (-13),1,22:44,2,9,.222,1,3,.333,0,0,,1,2,3,5,0,0,1,1,5,2.9,-16
17,14,2000-01-25,33-146,MIA,,BOS,W (+26),1,21:32,2,5,.400,1,2,.500,3,3,1.000,1,1,2,8,0,0,1,0,8,10.9,+24
18,15,2000-01-28,33-149,MIA,@,TOR,L (-15),1,25:31,4,8,.500,1,2,.500,0,0,,0,0,0,2,0,1,3,2,9,3.3,-5
19,16,2000-01-29,33-150,MIA,@,IND,L (-10),1,38:10,4,15,.267,2,8,.250,4,5,.800,2,5,7,8,0,0,4,3,14,8.0,-4
20,17,2000-01-31,33-152,MIA,,DET,W (+22),1,23:37,3,5,.600,2,3,.667,0,0,,0,2,2,6,1,0,3,1,8,8.1,+12
21,18,2000-02-02,33-154,MIA,@,BOS,W (+2),1,34:02,7,16,.438,1,3,.333,2,2,1.000,0,5,5,4,1,0,2,2,17,11.1,+9
22,19,2000-02-04,33-156,MIA,,WAS,W (+7),1,36:23,6,18,.333,3,9,.333,2,2,1.000,0,3,3,7,2,0,0,3,17,13.4,+18
23,20,2000-02-06,33-158,MIA,@,NYK,L (-14),1,38:49,10,16,.625,3,4,.750,0,0,,0,4,4,6,0,0,5,1,23,15.8,+2
24,21,2000-02-09,33-161,MIA,,GSW,W (+15),1,21:52,2,7,.286,2,4,.500,0,0,,0,0,0,8,1,0,1,2,6,6.7,0
25,22,2000-02-15,33-167,MIA,,LAC,W (+19),1,22:38,1,8,.125,0,2,.000,0,0,,0,2,2,6,0,0,4,5,2,-4.4,+6
26,23,2000-02-17,33-169,MIA,@,CHI,L (-7),1,34:41,5,11,.455,4,5,.800,0,0,,0,6,6,9,0,0,2,3,14,13.2,+2
27,24,2000-02-18,33-170,MIA,@,NJN,L (-7),1,33:32,7,17,.412,2,5,.400,2,2,1.000,4,3,7,6,2,0,6,3,18,11.6,-5
28,25,2000-02-20,33-172,MIA,@,CHH,W (+5),1,40:07,7,13,.538,6,8,.750,3,4,.750,1,3,4,12,2,0,1,2,23,26.5,+15
29,26,2000-02-21,33-173,MIA,@,DET,L (-8),1,31:43,2,8,.250,1,5,.200,2,2,1.000,1,1,2,8,1,0,4,5,7,3.8,-9
30,27,2000-02-23,33-175,MIA,,NJN,W (+14),1,25:47,1,8,.125,1,3,.333,1,1,1.000,0,2,2,7,0,0,3,3,4,0.1,+8
31,28,2000-02-25,33-177,MIA,,CLE,W (+5),1,30:43,5,19,.263,0,5,.000,2,2,1.000,0,0,0,7,1,1,1,2,12,5.5,+5
32,29,2000-02-26,33-178,MIA,@,WAS,W (+10),1,33:31,7,11,.636,4,6,.667,5,5,1.000,0,0,0,9,0,0,2,4,23,20.8,+15
33,30,2000-02-28,33-180,MIA,,NYK,W (+9),1,32:40,4,11,.364,2,7,.286,0,0,,0,2,2,6,3,0,3,2,10,7.9,-1
34,31,2000-02-29,33-181,MIA,@,SAS,L (-24),1,28:08,2,10,.200,0,3,.000,0,0,,1,0,1,3,0,0,0,3,4,-0.6,-23
35,32,2000-03-02,33-183,MIA,,SEA,W (+18),1,37:17,6,13,.462,3,4,.750,3,3,1.000,0,3,3,8,1,0,2,2,18,16.0,+22
36,33,2000-03-05,33-186,MIA,@,LAL,L (-13),1,32:54,4,9,.444,0,2,.000,0,0,,0,2,2,7,1,0,3,3,8,5.6,-14
37,34,2000-03-06,33-187,MIA,@,PHO,L (-8),1,36:27,4,14,.286,2,5,.400,0,0,,0,3,3,11,0,0,6,2,10,3.6,-10
38,35,2000-03-10,33-191,MIA,,DEN,W (+8),1,30:49,1,6,.167,0,3,.000,2,2,1.000,0,1,1,7,0,0,1,0,4,4.4,+7
39,36,2000-03-12,33-193,MIA,@,IND,W (+9),1,33:32,9,16,.563,3,6,.500,1,2,.500,0,1,1,12,2,0,2,2,22,21.9,+22
40,37,2000-03-14,33-195,MIA,,MIL,W (+4),1,35:59,5,15,.333,1,8,.125,6,6,1.000,0,1,1,8,1,0,2,1,17,13.0,+11
41,38,2000-03-16,33-197,MIA,,PHI,W (+15),1,36:10,7,18,.389,3,4,.750,1,2,.500,1,8,9,14,1,0,2,2,18,18.9,+26
42,39,2000-03-18,33-199,MIA,@,CLE,W (+2),1,43:03,7,21,.333,3,9,.333,4,6,.667,0,5,5,7,1,1,3,3,21,12.2,+7
43,40,2000-03-20,33-201,MIA,,LAL,L (-11),1,35:16,6,14,.429,1,5,.200,2,4,.500,0,1,1,7,0,0,2,0,15,10.0,-14
44,41,2000-03-21,33-202,MIA,@,ATL,L (-5),1,36:40,5,18,.278,0,2,.000,2,2,1.000,0,3,3,7,2,0,3,2,12,5.4,-2
45,42,2000-03-24,33-205,MIA,@,MIL,W (+12),1,31:55,7,11,.636,1,2,.500,2,2,1.000,0,0,0,8,3,0,2,3,17,17.5,+13
46,43,2000-03-26,33-207,MIA,@,ORL,L (-25),1,31:21,5,14,.357,1,8,.125,1,2,.500,0,1,1,5,0,0,4,2,12,2.8,-16
47,44,2000-03-28,33-209,MIA,,PHO,W (+3),1,34:03,6,11,.545,3,4,.750,5,5,1.000,0,5,5,7,0,0,7,3,20,12.9,+8
48,45,2000-03-30,33-211,MIA,,CHI,W (+25),1,25:19,5,10,.500,2,6,.333,4,4,1.000,0,0,0,8,2,0,0,0,16,18.6,+15
49,46,2000-04-02,33-214,MIA,,SAS,W (+4),1,33:14,4,9,.444,2,5,.400,4,4,1.000,0,7,7,4,0,0,1,2,14,12.4,+4
50,47,2000-04-04,33-216,MIA,,CLE,W (+26),1,24:18,5,15,.333,3,8,.375,1,1,1.000,0,1,1,10,3,0,2,0,14,13.8,+15
51,48,2000-04-06,33-218,MIA,,CHH,W (+6),1,34:14,2,10,.200,1,4,.250,1,2,.500,0,1,1,6,1,1,6,3,6,-1.6,+4
52,49,2000-04-07,33-219,MIA,@,NJN,W (+18),1,25:06,5,14,.357,3,6,.500,2,2,1.000,0,2,2,8,0,0,1,2,15,11.6,+21
53,50,2000-04-09,33-221,MIA,,NYK,W (+1),1,39:28,6,21,.286,2,9,.222,2,2,1.000,3,4,7,10,2,0,2,2,16,13.2,-2
54,51,2000-04-10,33-222,MIA,@,PHI,L (-16),1,29:31,2,7,.286,0,5,.000,0,0,,0,2,2,7,0,0,1,0,4,4.4,-9
55,,2000-04-12,33-224,MIA,@,DET,L (-17),Did Not Dress,Did Not Dress,Did Not Dress,Did Not Dress,Did Not Dress,Did Not Dress,Did Not Dress,Did Not Dress,Did Not Dress,Did Not Dress,Did Not Dress,Did Not Dress,Did Not Dress,Did Not Dress,Did Not Dress,Did Not Dress,Did Not Dress,Did Not Dress,Did Not Dress,Did Not Dress,Did Not Dress,Did Not Dress
56,,2000-04-14,33-226,MIA,,IND,L (-4),Did Not Dress,Did Not Dress,Did Not Dress,Did Not Dress,Did Not Dress,Did Not Dress,Did Not Dress,Did Not Dress,Did Not Dress,Did Not Dress,Did Not Dress,Did Not Dress,Did Not Dress,Did Not Dress,Did Not Dress,Did Not Dress,Did Not Dress,Did Not Dress,Did Not Dress,Did Not Dress,Did Not Dress,Did Not Dress
57,52,2000-04-16,33-228,MIA,,ORL,W (+11),1,8:06,0,1,.000,0,0,,2,2,1.000,0,0,0,1,1,0,1,1,2,1.6,+8
1,1,2000-11-01,34-061,MIA,,ORL,W (+26),1,25:24,6,12,.500,3,6,.500,2,2,1.000,1,1,2,7,2,0,1,0,17,17.9,+32
2,2,2000-11-03,34-063,MIA,@,CHH,L (-4),1,38:02,5,13,.385,2,7,.286,3,4,.750,1,4,5,5,1,1,4,3,15,9.4,+1
3,3,2000-11-04,34-064,MIA,,PHI,L (-2),1,38:13,8,16,.500,3,7,.429,4,4,1.000,1,4,5,11,1,0,2,2,23,22.8,0
4,4,2000-11-08,34-068,MIA,,SEA,W (+6),1,34:55,3,11,.273,0,5,.000,0,1,.000,0,3,3,6,0,0,1,1,6,2.8,+4
5,5,2000-11-10,34-070,MIA,@,UTA,W (+7),1,31:17,8,14,.571,1,4,.250,0,0,,0,2,2,7,2,0,4,3,17,12.7,+6
6,6,2000-11-11,34-071,MIA,@,PHO,L (-2),1,35:21,7,15,.467,2,5,.400,3,4,.750,0,0,0,8,1,0,3,1,19,14.1,-6
7,7,2000-11-14,34-074,MIA,,CHH,W (+3),1,36:14,6,15,.400,3,7,.429,2,2,1.000,0,3,3,8,0,1,2,1,17,13.7,-13
8,8,2000-11-15,34-075,MIA,@,NJN,L (-2),1,43:07,10,23,.435,4,13,.308,2,2,1.000,0,4,4,4,2,1,2,5,26,16.6,+2
9,9,2000-11-17,34-077,MIA,@,PHI,L (-21),1,26:41,4,11,.364,2,4,.500,4,4,1.000,1,1,2,1,3,0,5,2,14,6.8,-11
10,,2000-11-18,34-078,MIA,,POR,W (+6),Did Not Dress,Did Not Dress,Did Not Dress,Did Not Dress,Did Not Dress,Did Not Dress,Did Not Dress,Did Not Dress,Did Not Dress,Did Not Dress,Did Not Dress,Did Not Dress,Did Not Dress,Did Not Dress,Did Not Dress,Did Not Dress,Did Not Dress,Did Not Dress,Did Not Dress,Did Not Dress,Did Not Dress,Did Not Dress
11,10,2000-11-22,34-082,MIA,,CLE,L (-19),1,32:14,3,12,.250,2,6,.333,1,1,1.000,0,3,3,6,3,0,2,1,9,7.5,-14
12,11,2000-11-24,34-084,MIA,@,CLE,L (-5),1,36:52,6,15,.400,3,8,.375,2,2,1.000,0,3,3,6,1,1,2,3,17,12.5,-3
13,12,2000-11-25,34-085,MIA,,HOU,L (-11),1,37:38,5,15,.333,3,8,.375,2,2,1.000,1,0,1,1,1,0,6,3,15,1.7,-7
14,13,2000-11-28,34-088,MIA,,MIL,L (-1),1,33:41,8,15,.533,3,5,.600,4,4,1.000,0,6,6,5,2,1,3,1,23,20.3,-8
15,14,2000-11-29,34-089,MIA,@,NYK,W (+3),1,37:14,4,11,.364,1,6,.167,7,7,1.000,1,2,3,4,0,0,3,1,16,10.6,+2
16,15,2000-12-01,34-091,MIA,,UTA,L (-2),1,37:30,4,8,.500,4,6,.667,3,4,.750,0,5,5,5,2,0,5,3,15,11.4,0
17,16,2000-12-02,34-092,MIA,@,WAS,W (+3),1,38:18,6,11,.545,4,5,.800,2,3,.667,0,0,0,8,1,0,1,1,18,17.5,+1
18,17,2000-12-05,34-095,MIA,@,ATL,W (+8),1,30:19,4,13,.308,3,6,.500,0,0,,1,1,2,7,2,0,5,1,11,6.0,+6
19,18,2000-12-06,34-096,MIA,,DEN,W (+17),1,22:40,5,9,.556,1,2,.500,2,3,.667,0,2,2,5,1,0,0,0,13,13.4,+9
20,19,2000-12-08,34-098,MIA,,ATL,W (+4),1,26:39,2,7,.286,0,2,.000,0,0,,0,3,3,3,0,0,2,0,4,0.9,-18
21,20,2000-12-10,34-100,MIA,@,SAC,L (-4),1,36:16,8,19,.421,5,11,.455,4,6,.667,0,7,7,9,0,0,3,3,25,18.3,-5
22,21,2000-12-12,34-102,MIA,@,DEN,W (+11),1,31:34,4,11,.364,4,8,.500,1,2,.500,0,3,3,9,1,0,2,1,13,12.3,+10
23,22,2000-12-13,34-103,MIA,@,LAC,W (+6),1,44:19,5,15,.333,3,9,.333,8,11,.727,0,1,1,5,0,0,5,0,21,10.1,+15
24,23,2000-12-15,34-105,MIA,@,SEA,L (-18),1,25:18,3,11,.273,2,6,.333,0,0,,1,1,2,6,0,0,3,1,8,3.3,-18
25,24,2000-12-16,34-106,MIA,@,GSW,W (+8),1,37:35,3,14,.214,2,10,.200,4,4,1.000,0,4,4,9,3,0,3,3,12,9.7,+11
26,25,2000-12-19,34-109,MIA,,LAL,L (-2),1,34:29,3,16,.188,1,9,.111,2,4,.500,1,2,3,7,0,1,1,0,9,4.1,-3
27,26,2000-12-20,34-110,MIA,@,CHH,L (-9),1,28:52,2,11,.182,2,5,.400,1,3,.333,1,4,5,2,3,0,3,6,7,0.2,-7
28,27,2000-12-22,34-112,MIA,,CLE,W (+8),1,39:52,9,18,.500,6,10,.600,2,2,1.000,2,1,3,4,2,0,3,3,26,19.3,+8
29,28,2000-12-23,34-113,MIA,@,NJN,W (+6),1,41:01,5,14,.357,2,7,.286,3,4,.750,0,3,3,6,0,0,2,3,15,8.7,+10
30,29,2000-12-27,34-117,MIA,,IND,W (+12),1,33:18,3,13,.231,2,8,.250,0,0,,0,2,2,9,0,0,3,3,8,2.8,+13
31,30,2000-12-29,34-119,MIA,,WAS,W (+7),1,37:11,9,21,.429,2,7,.286,5,6,.833,0,3,3,4,1,0,1,4,25,15.6,+14
32,31,2000-12-30,34-120,MIA,@,DET,W (+8),1,40:53,7,18,.389,1,8,.125,4,7,.571,0,3,3,11,1,0,2,0,19,15.6,+6
33,32,2001-01-02,34-123,MIA,@,SAS,L (-8),1,37:37,7,20,.350,1,8,.125,0,0,,0,3,3,3,1,0,0,0,15,7.8,-4
34,33,2001-01-04,34-125,MIA,,NJN,W (+3),1,36:22,6,16,.375,4,8,.500,1,2,.500,0,3,3,8,0,0,0,2,17,13.5,+6
35,34,2001-01-06,34-127,MIA,,BOS,W (+26),1,29:05,9,14,.643,4,6,.667,2,3,.667,0,2,2,10,2,0,1,1,24,25.6,+31
36,35,2001-01-08,34-129,MIA,,GSW,W (+10),1,31:45,3,12,.250,1,7,.143,2,2,1.000,0,4,4,4,3,0,1,1,9,7.4,+3
37,36,2001-01-10,34-131,MIA,@,BOS,L (-12),1,30:48,4,14,.286,2,7,.286,1,1,1.000,0,2,2,2,0,0,0,1,11,4.4,-13
38,37,2001-01-13,34-134,MIA,@,IND,L (-16),1,38:01,7,17,.412,4,9,.444,2,2,1.000,0,3,3,6,1,0,2,3,20,13.8,-11
39,38,2001-01-14,34-135,MIA,,CHI,W (+9),1,35:09,2,6,.333,2,4,.500,0,0,,0,1,1,9,2,0,2,1,6,8.8,+9
40,39,2001-01-16,34-137,MIA,,DET,W (+8),1,20:02,3,7,.429,1,4,.250,2,4,.500,0,2,2,3,1,0,1,3,9,6.0,-8
41,40,2001-01-18,34-139,MIA,@,POR,L (-11),1,24:12,1,5,.200,0,2,.000,2,2,1.000,0,0,0,4,0,0,4,3,4,-1.5,-14
42,41,2001-01-19,34-140,MIA,@,VAN,W (+11),1,26:52,5,11,.455,3,6,.500,1,2,.500,0,2,2,3,0,0,4,3,14,5.4,-3
43,42,2001-01-21,34-142,MIA,@,LAL,W (+11),1,38:46,8,13,.615,5,8,.625,1,2,.500,1,1,2,8,1,0,3,3,22,19.1,+24
44,43,2001-01-24,34-145,MIA,,TOR,W (+20),1,32:04,5,15,.333,2,6,.333,3,4,.750,0,1,1,4,2,0,2,2,15,8.4,+12
45,44,2001-01-27,34-148,MIA,@,ORL,W (+22),1,29:45,3,10,.300,2,7,.286,3,3,1.000,3,3,6,6,1,0,2,4,11,9.8,+19
46,45,2001-01-30,34-151,MIA,@,HOU,W (+18),1,33:35,6,10,.600,3,6,.500,0,1,.000,0,1,1,11,0,0,2,4,15,14.4,+25
47,46,2001-02-01,34-153,MIA,@,DAL,L (-4),1,39:22,8,17,.471,5,7,.714,0,0,,2,2,4,6,2,0,2,3,21,17.3,+1
48,47,2001-02-02,34-154,MIA,@,ATL,W (+11),1,28:53,5,10,.500,4,6,.667,4,4,1.000,0,1,1,4,1,0,2,2,18,14.3,+7
49,48,2001-02-04,34-156,MIA,,NYK,L (-3),1,42:02,5,21,.238,4,14,.286,2,2,1.000,0,2,2,6,2,0,4,1,16,5.7,+1
50,49,2001-02-06,34-158,MIA,,IND,W (+13),1,34:39,4,8,.500,2,4,.500,3,4,.750,0,2,2,7,1,0,0,2,13,14.3,+18
51,50,2001-02-13,34-165,MIA,,LAC,W (+2),1,43:56,7,14,.500,4,9,.444,2,3,.667,0,2,2,7,2,0,3,1,20,16.7,+10
52,51,2001-02-15,34-167,MIA,@,TOR,W (+7),1,36:12,6,12,.500,4,7,.571,2,2,1.000,0,2,2,10,1,0,2,0,18,18.6,+2
53,52,2001-02-17,34-169,MIA,@,CHI,L (-7),1,40:09,6,21,.286,1,10,.100,1,1,1.000,1,1,2,8,2,0,4,5,14,4.3,+8
54,53,2001-02-20,34-172,MIA,@,NYK,L (-2),1,31:29,5,12,.417,2,8,.250,0,0,,0,4,4,8,0,0,3,2,12,8.6,-1
55,54,2001-02-21,34-173,MIA,,PHO,L (-15),1,21:50,1,5,.200,0,3,.000,1,1,1.000,0,1,1,4,1,0,2,2,3,1.2,-21
56,55,2001-02-24,34-176,MIA,,NJN,W (+5),1,37:51,1,13,.077,1,6,.167,1,2,.500,0,4,4,7,0,0,3,2,4,-2.8,+13
57,56,2001-02-27,34-179,MIA,,WAS,W (+8),1,39:32,9,17,.529,4,8,.500,0,0,,0,1,1,9,0,0,6,4,22,12.7,+4
58,57,2001-02-28,34-180,MIA,@,PHI,L (-10),1,36:19,8,17,.471,4,8,.500,0,0,,0,5,5,5,0,0,1,3,20,14.1,-14
59,58,2001-03-02,34-182,MIA,@,DET,W (+4),1,37:41,6,17,.353,1,10,.100,4,4,1.000,0,2,2,7,2,0,4,2,17,10.2,+5
60,59,2001-03-04,34-184,MIA,@,CLE,W (+12),1,34:31,7,12,.583,4,8,.500,0,0,,0,2,2,8,3,0,1,1,18,20.2,+15
61,60,2001-03-05,34-185,MIA,,DET,W (+3),1,35:10,6,15,.400,1,7,.143,3,4,.750,0,2,2,4,2,0,2,2,16,10.1,0
62,61,2001-03-07,34-187,MIA,,DAL,L (-7),1,32:48,1,9,.111,1,4,.250,2,2,1.000,1,2,3,8,1,0,2,3,5,3.8,-6
63,62,2001-03-09,34-189,MIA,,MIN,W (+7),1,37:14,4,15,.267,0,5,.000,6,6,1.000,1,2,3,6,2,0,4,2,14,7.8,+11
64,63,2001-03-11,34-191,MIA,@,NYK,L (-3),1,38:55,6,19,.316,3,10,.300,2,2,1.000,1,1,2,8,4,0,4,0,17,12.7,+3
65,64,2001-03-12,34-192,MIA,@,MIN,L (-17),1,19:52,1,8,.125,0,2,.000,0,0,,1,0,1,6,0,0,3,2,2,-2.1,-7
66,65,2001-03-14,34-194,MIA,,SAC,W (+10),1,28:41,7,16,.438,4,6,.667,2,2,1.000,0,5,5,5,2,0,0,3,20,17.4,+19
67,,2001-03-17,34-197,MIA,,VAN,W (+14),Not With Team,Not With Team,Not With Team,Not With Team,Not With Team,Not With Team,Not With Team,Not With Team,Not With Team,Not With Team,Not With Team,Not With Team,Not With Team,Not With Team,Not With Team,Not With Team,Not With Team,Not With Team,Not With Team,Not With Team,Not With Team,Not With Team
68,66,2001-03-21,34-201,MIA,,CHI,W (+28),1,24:27,5,11,.455,3,4,.750,0,0,,0,1,1,6,0,0,2,3,13,8.6,+26
69,67,2001-03-25,34-205,MIA,,SAS,W (+5),1,34:27,9,18,.500,5,8,.625,2,2,1.000,1,0,1,8,0,0,3,3,25,18.1,+12
70,68,2001-03-27,34-207,MIA,,TOR,L (-9),1,37:30,7,17,.412,3,6,.500,4,4,1.000,1,4,5,4,0,0,3,2,21,12.8,-16
71,69,2001-03-29,34-209,MIA,@,MIL,L (-8),1,41:49,10,24,.417,4,13,.308,1,2,.500,0,4,4,7,2,0,2,1,25,17.5,-2
72,70,2001-03-31,34-211,MIA,@,CHI,W (+7),1,36:34,10,20,.500,1,8,.125,0,0,,0,0,0,10,1,0,3,1,21,15.6,+11
73,71,2001-04-03,34-214,MIA,,BOS,L (-5),1,35:42,3,13,.231,2,6,.333,0,2,.000,0,3,3,4,1,0,3,0,8,1.0,-2
74,72,2001-04-04,34-215,MIA,@,WAS,W (+2),1,30:48,6,11,.545,3,6,.500,0,0,,0,1,1,9,2,0,2,2,15,15.5,+2
75,73,2001-04-06,34-217,MIA,,CHH,W (+5),1,36:40,0,7,.000,0,4,.000,0,0,,0,5,5,12,3,0,2,3,0,4.8,+9
76,74,2001-04-08,34-219,MIA,,NYK,W (+5),1,33:11,9,16,.563,3,6,.500,4,4,1.000,0,2,2,4,1,0,4,4,25,16.2,+12
77,75,2001-04-10,34-221,MIA,,PHI,W (+2),1,38:54,4,10,.400,1,5,.200,2,2,1.000,0,0,0,5,1,0,3,2,11,6.3,-6
78,76,2001-04-11,34-222,MIA,@,BOS,W (+5),1,31:25,5,14,.357,4,9,.444,0,0,,0,3,3,7,1,0,1,1,14,11.6,+11
79,77,2001-04-13,34-224,MIA,@,TOR,L (-12),1,18:24,3,6,.500,1,2,.500,0,0,,1,3,4,5,0,0,1,1,7,7.7,-10
1,1,2001-10-30,35-059,DAL,,DET,W (+7),0,24:00,1,3,.333,0,2,.000,0,1,.000,0,0,0,8,1,0,2,1,2,4.1,+9
2,2,2001-11-01,35-061,DAL,@,PHI,W (+7),1,39:13,6,16,.375,2,8,.250,3,3,1.000,0,3,3,7,2,1,3,1,17,13.3,-1
3,3,2001-11-02,35-062,DAL,@,TOR,L (-17),1,28:13,5,12,.417,3,8,.375,4,4,1.000,0,1,1,5,0,0,3,1,17,11.0,-25
4,4,2001-11-04,35-064,DAL,@,MEM,W (+9),0,28:46,4,13,.308,2,8,.250,3,4,.750,0,4,4,5,2,0,2,2,13,9.0,+18
5,5,2001-11-06,35-066,DAL,,CHH,W (+18),0,28:19,2,10,.200,2,8,.250,1,2,.500,0,3,3,2,2,1,1,3,7,3.2,+4
6,6,2001-11-08,35-068,DAL,,DEN,W (+14),0,15:31,1,2,.500,0,1,.000,0,0,,0,3,3,0,0,0,1,1,2,0.5,-2
7,7,2001-11-10,35-070,DAL,,PHI,L (-7),0,28:01,2,11,.182,1,6,.167,2,2,1.000,0,3,3,3,3,0,1,2,7,4.3,-4
8,8,2001-11-14,35-074,DAL,@,CLE,W (+13),0,17:30,3,8,.375,1,4,.250,0,0,,1,1,2,2,0,0,2,2,7,2.2,-11
9,9,2001-11-15,35-075,DAL,@,DET,L (-26),0,18:49,2,8,.250,1,4,.250,1,1,1.000,0,0,0,0,0,0,0,0,6,1.2,-8
10,10,2001-11-17,35-077,DAL,@,HOU,L (-37),0,20:45,0,6,.000,0,1,.000,0,0,,0,1,1,2,0,0,1,1,0,-3.9,-16
11,11,2001-11-20,35-080,DAL,,SEA,L (-8),0,9:12,0,4,.000,0,1,.000,0,0,,1,1,2,2,0,0,1,1,0,-1.8,-9
12,12,2001-11-21,35-081,DAL,@,CHH,W (+11),0,21:43,2,6,.333,0,3,.000,2,2,1.000,0,0,0,0,1,0,3,0,6,0.6,+4
13,13,2001-11-23,35-083,DAL,@,MIA,W (+10),0,17:18,2,7,.286,1,4,.250,0,0,,0,2,2,1,0,0,1,0,5,1.2,+4
14,14,2001-11-24,35-084,DAL,,PHO,W (+15),0,5:18,0,1,.000,0,0,,0,0,,0,0,0,1,0,0,0,0,0,0.0,-10
15,15,2001-11-27,35-087,DAL,,GSW,W (+10),0,18:08,1,4,.250,1,2,.500,0,0,,0,3,3,3,0,0,1,1,3,2.2,+18
16,16,2001-11-29,35-089,DAL,,SAC,L (-12),0,25:31,6,12,.500,4,8,.500,0,0,,0,3,3,6,1,1,1,4,16,14.2,-1
17,17,2001-12-01,35-091,DAL,@,GSW,W (+29),0,21:12,4,7,.571,2,5,.400,0,0,,0,0,0,6,1,0,2,3,10,8.7,+2
18,18,2001-12-02,35-092,DAL,@,SAC,W (+6),0,13:04,2,5,.400,0,2,.000,1,2,.500,1,0,1,1,0,0,0,1,5,2.9,-10
19,19,2001-12-05,35-095,DAL,@,LAL,L (-4),0,18:40,0,3,.000,0,2,.000,0,0,,0,0,0,0,0,0,0,2,0,-2.9,-1
20,20,2001-12-08,35-098,DAL,,WAS,L (-7),0,31:25,6,12,.500,1,3,.333,2,3,.667,1,2,3,6,0,0,0,2,15,13.3,+3
21,21,2001-12-10,35-100,DAL,@,UTA,L (-9),0,23:41,2,8,.250,1,5,.200,1,1,1.000,0,0,0,4,0,0,0,2,6,3.2,+7
22,22,2001-12-11,35-101,DAL,,POR,W (+2),0,30:08,4,12,.333,2,6,.333,2,2,1.000,1,0,1,5,1,0,4,2,12,5.6,-2
23,23,2001-12-13,35-103,DAL,,CLE,W (+20),0,30:28,6,12,.500,4,8,.500,1,1,1.000,0,2,2,7,1,1,0,2,17,17.4,+27
24,24,2001-12-15,35-105,DAL,,MIN,W (+8),0,21:04,6,10,.600,3,5,.600,1,2,.500,0,2,2,6,0,0,0,3,16,14.6,+8
25,25,2001-12-18,35-108,DAL,@,MIN,W (+4),0,25:05,6,10,.600,3,6,.500,0,0,,1,0,1,3,0,0,1,1,15,11.8,+15
26,26,2001-12-20,35-110,DAL,,MIL,W (+12),0,21:44,6,11,.545,2,5,.400,1,1,1.000,0,0,0,3,1,0,0,0,15,12.8,-6
27,27,2001-12-22,35-112,DAL,,ORL,W (+22),0,27:38,5,14,.357,4,8,.500,4,4,1.000,0,3,3,5,1,0,2,1,18,13.2,+16
28,28,2001-12-26,35-116,DAL,@,SAS,W (+3),0,29:22,5,8,.625,3,5,.600,2,2,1.000,0,0,0,3,2,0,6,3,15,8.3,+5
29,29,2001-12-27,35-117,DAL,,CHI,W (+15),0,27:28,3,10,.300,1,5,.200,0,0,,1,0,1,4,0,1,2,0,7,3.4,+5
30,30,2001-12-29,35-119,DAL,,ATL,W (+16),0,24:47,1,11,.091,1,7,.143,2,4,.500,0,2,2,5,0,1,4,3,5,-3.5,+12
31,31,2002-01-02,35-123,DAL,@,CHI,W (+10),0,23:42,3,9,.333,2,3,.667,0,0,,0,1,1,3,1,0,2,4,8,2.7,+2
32,32,2002-01-03,35-124,DAL,@,NYK,L (-7),0,33:53,3,11,.273,1,6,.167,0,0,,0,2,2,7,2,0,3,2,7,4.2,+9
33,33,2002-01-05,35-126,DAL,,SAS,L (-2),0,35:52,4,10,.400,2,4,.500,3,4,.750,0,5,5,6,0,0,1,2,13,11.1,+10
34,34,2002-01-08,35-129,DAL,,DEN,W (+1),0,24:53,3,11,.273,2,6,.333,0,0,,0,2,2,0,2,0,1,1,8,2.7,-5
35,35,2002-01-10,35-131,DAL,,NYK,W (+22),0,23:05,5,12,.417,1,7,.143,2,2,1.000,0,0,0,5,4,2,4,1,13,11.1,+3
36,36,2002-01-12,35-133,DAL,,IND,W (+9),0,24:36,3,10,.300,1,4,.250,2,2,1.000,0,3,3,2,1,0,0,0,9,6.5,+13
37,37,2002-01-14,35-135,DAL,@,ORL,L (-26),0,28:39,2,9,.222,0,5,.000,2,2,1.000,1,0,1,4,2,0,3,2,6,2.2,-11
38,38,2002-01-15,35-136,DAL,@,ATL,W (+9),0,24:50,6,13,.462,6,12,.500,0,0,,1,2,3,4,1,0,1,4,18,13.8,-4
39,39,2002-01-17,35-138,DAL,@,MEM,W (+11),0,29:03,3,8,.375,2,4,.500,0,0,,0,1,1,6,0,0,0,3,8,6.9,+4
40,40,2002-01-19,35-140,DAL,,UTA,W (+3),0,14:13,1,7,.143,1,5,.200,2,2,1.000,0,2,2,0,0,0,1,2,5,-0.7,+2
41,41,2002-01-21,35-142,DAL,,NJN,W (+8),0,22:10,3,9,.333,2,7,.286,0,0,,0,3,3,6,1,0,0,2,8,8.2,+1
42,42,2002-01-22,35-143,DAL,@,HOU,W (+6),0,16:00,2,9,.222,1,4,.250,5,6,.833,1,0,1,3,0,0,0,4,10,5.3,+10
43,43,2002-01-24,35-145,DAL,@,DEN,W (+7),0,24:08,3,6,.500,3,4,.750,7,8,.875,0,4,4,6,0,0,3,0,16,15.0,+9
44,44,2002-01-26,35-147,DAL,@,LAC,W (+21),0,24:19,7,13,.538,4,6,.667,2,2,1.000,0,0,0,9,1,0,0,2,20,20.2,+20
45,45,2002-01-29,35-150,DAL,,LAC,L (-17),0,26:46,5,14,.357,3,8,.375,0,0,,0,1,1,7,2,0,1,0,13,11.4,-13
46,46,2002-01-31,35-152,DAL,,HOU,W (+4),0,17:52,3,9,.333,2,4,.500,1,2,.500,0,0,0,2,1,0,0,0,9,5.9,-9
47,47,2002-02-03,35-155,DAL,,LAL,L (-7),0,16:48,1,7,.143,1,5,.200,0,0,,0,2,2,4,0,0,0,2,3,1.1,-4
48,48,2002-02-05,35-157,DAL,@,IND,W (+1),0,31:52,9,13,.692,3,6,.500,0,0,,0,3,3,3,1,0,0,1,21,19.1,+24
49,49,2002-02-06,35-158,DAL,@,NJN,W (+12),0,31:55,3,12,.250,1,9,.111,4,4,1.000,1,2,3,2,0,0,3,0,11,3.5,+16
50,50,2002-02-12,35-164,DAL,@,SEA,W (+6),0,16:40,4,10,.400,2,7,.286,0,0,,0,2,2,1,1,0,1,0,10,5.9,+2
51,51,2002-02-13,35-165,DAL,@,POR,L (-11),0,27:19,6,14,.429,5,8,.625,2,2,1.000,0,4,4,3,1,0,2,2,19,13.1,-2
52,52,2002-02-16,35-168,DAL,@,LAC,L (-9),0,25:12,3,11,.273,2,5,.400,0,0,,2,1,3,4,0,0,0,1,8,5.6,-4
53,53,2002-02-17,35-169,DAL,@,PHO,W (+13),0,17:36,2,5,.400,1,4,.250,0,0,,0,4,4,4,0,0,0,1,5,5.9,-7
54,54,2002-02-19,35-171,DAL,,MIN,L (-17),0,21:43,2,6,.333,2,6,.333,0,1,.000,0,1,1,5,0,0,3,3,6,1.8,-15
55,55,2002-02-23,35-175,DEN,@,POR,L (-11),1,26:22,4,9,.444,2,5,.400,1,1,1.000,0,2,2,5,0,0,2,3,11,7.2,-8
56,56,2002-02-24,35-176,DEN,,ATL,L (-5),1,32:58,2,14,.143,1,8,.125,1,2,.500,0,2,2,10,4,1,3,0,6,5.9,-15
57,57,2002-02-27,35-179,DEN,@,GSW,L (-17),1,27:55,6,16,.375,5,11,.455,1,2,.500,1,2,3,6,1,0,1,3,18,13.1,-10
58,58,2002-03-01,35-181,DEN,,MEM,W (+13),1,24:30,7,11,.636,3,6,.500,5,5,1.000,0,2,2,3,1,0,2,1,22,18.4,+18
59,59,2002-03-03,35-183,DEN,,DAL,L (-6),1,36:08,7,14,.500,2,7,.286,0,0,,0,1,1,9,1,0,5,3,16,10.4,-17
60,60,2002-03-04,35-184,DEN,@,UTA,L (-18),1,16:59,2,4,.500,2,3,.667,2,2,1.000,0,1,1,2,1,0,5,4,8,2.1,-13
61,61,2002-03-07,35-187,DEN,,NYK,W (+11),1,20:54,3,9,.333,3,6,.500,0,0,,0,0,0,9,2,0,1,1,9,10.8,0
62,62,2002-03-09,35-189,DEN,,POR,W (+3),1,24:45,3,7,.429,2,6,.333,1,2,.500,0,3,3,8,0,0,2,4,9,7.8,-12
63,63,2002-03-11,35-191,DEN,,SAS,L (-15),1,24:01,1,9,.111,1,5,.200,0,0,,0,3,3,3,0,1,4,0,3,-3.2,-5
64,64,2002-03-13,35-193,DEN,@,ATL,L (-3),1,31:09,7,17,.412,5,12,.417,1,5,.200,0,4,4,4,2,0,3,2,20,11.5,+1
65,65,2002-03-15,35-195,DEN,@,ORL,L (-22),1,17:00,0,2,.000,0,2,.000,0,0,,0,2,2,6,2,0,2,2,0,2.6,-15
66,,2002-03-16,35-196,DEN,@,MIA,L (-25),Player Suspended,Player Suspended,Player Suspended,Player Suspended,Player Suspended,Player Suspended,Player Suspended,Player Suspended,Player Suspended,Player Suspended,Player Suspended,Player Suspended,Player Suspended,Player Suspended,Player Suspended,Player Suspended,Player Suspended,Player Suspended,Player Suspended,Player Suspended,Player Suspended,Player Suspended
67,,2002-03-18,35-198,DEN,,DET,L (-7),Player Suspended,Player Suspended,Player Suspended,Player Suspended,Player Suspended,Player Suspended,Player Suspended,Player Suspended,Player Suspended,Player Suspended,Player Suspended,Player Suspended,Player Suspended,Player Suspended,Player Suspended,Player Suspended,Player Suspended,Player Suspended,Player Suspended,Player Suspended,Player Suspended,Player Suspended
68,66,2002-03-20,35-200,DEN,,WAS,L (-32),1,17:41,1,5,.200,0,0,,0,0,,0,1,1,7,1,0,4,1,2,0.7,-29
69,67,2002-03-21,35-201,DEN,@,SAC,L (-36),1,15:57,1,4,.250,1,3,.333,0,0,,0,2,2,3,2,0,4,1,3,0.9,-17
70,68,2002-03-23,35-203,DEN,,SEA,W (+3),1,8:36,3,5,.600,1,1,1.000,0,0,,0,1,1,2,0,0,0,0,7,6.4,+2
71,,2002-03-25,35-205,DEN,@,NYK,W (+1),Not With Team,Not With Team,Not With Team,Not With Team,Not With Team,Not With Team,Not With Team,Not With Team,Not With Team,Not With Team,Not With Team,Not With Team,Not With Team,Not With Team,Not With Team,Not With Team,Not With Team,Not With Team,Not With Team,Not With Team,Not With Team,Not With Team
72,,2002-03-26,35-206,DEN,@,WAS,L (-16),Not With Team,Not With Team,Not With Team,Not With Team,Not With Team,Not With Team,Not With Team,Not With Team,Not With Team,Not With Team,Not With Team,Not With Team,Not With Team,Not With Team,Not With Team,Not With Team,Not With Team,Not With Team,Not With Team,Not With Team,Not With Team,Not With Team
73,,2002-03-28,35-208,DEN,@,MIL,L (-7),Not With Team,Not With Team,Not With Team,Not With Team,Not With Team,Not With Team,Not With Team,Not With Team,Not With Team,Not With Team,Not With Team,Not With Team,Not With Team,Not With Team,Not With Team,Not With Team,Not With Team,Not With Team,Not With Team,Not With Team,Not With Team,Not With Team
74,,2002-03-30,35-210,DEN,@,CHI,W (+16),Not With Team,Not With Team,Not With Team,Not With Team,Not With Team,Not With Team,Not With Team,Not With Team,Not With Team,Not With Team,Not With Team,Not With Team,Not With Team,Not With Team,Not With Team,Not With Team,Not With Team,Not With Team,Not With Team,Not With Team,Not With Team,Not With Team
1,1,2003-03-28,36-208,IND,,CHI,W (+51),0,21:00,5,9,.556,4,8,.500,0,0,,0,4,4,7,3,0,3,1,14,15.4,+29
2,2,2003-03-30,36-210,IND,,PHO,W (+11),0,11:51,1,5,.200,1,4,.250,0,0,,0,1,1,2,2,0,1,1,3,2.2,-9
3,3,2003-04-01,36-212,IND,,SAC,L (-5),0,9:40,0,2,.000,0,1,.000,0,0,,0,2,2,2,1,0,0,0,0,1.6,-3
4,4,2003-04-02,36-213,IND,@,CLE,W (+21),0,6:28,0,3,.000,0,2,.000,0,0,,0,0,0,2,1,0,1,1,0,-1.1,+1
5,5,2003-04-04,36-215,IND,@,DET,W (+6),0,3:48,0,1,.000,0,1,.000,0,0,,0,0,0,2,0,0,1,1,0,-0.7,0
6,6,2003-04-06,36-217,IND,,MIA,W (+21),0,15:08,2,6,.333,1,2,.500,0,0,,0,2,2,2,0,0,2,2,5,0.8,-6
7,,2003-04-08,36-219,IND,@,CHI,L (-12),Did Not Play,Did Not Play,Did Not Play,Did Not Play,Did Not Play,Did Not Play,Did Not Play,Did Not Play,Did Not Play,Did Not Play,Did Not Play,Did Not Play,Did Not Play,Did Not Play,Did Not Play,Did Not Play,Did Not Play,Did Not Play,Did Not Play,Did Not Play,Did Not Play,Did Not Play
8,7,2003-04-11,36-222,IND,,ORL,L (-12),0,6:43,3,6,.500,0,2,.000,0,0,,0,0,0,1,1,0,1,0,6,3.7,+13
9,8,2003-04-13,36-224,IND,@,MIL,L (-9),0,23:06,2,8,.250,2,6,.333,1,3,.333,1,2,3,1,1,0,1,2,7,2.6,+4
10,9,2003-04-15,36-226,IND,@,NYK,W (+16),0,16:13,4,4,1.000,3,3,1.000,1,1,1.000,0,3,3,4,0,0,1,0,12,13.5,+12
11,10,2003-04-16,36-227,IND,,NJN,W (+7),0,12:18,1,5,.200,0,2,.000,0,0,,0,0,0,1,0,0,0,0,2,-0.4,-4
