Rk,G,Date,Age,Tm,,Opp,,GS,MP,FG,FGA,FG%,TPM,TPA,3P%,FT,FTA,FT%,ORB,DRB,TRB,AST,STL,BLK,TOV,PF,PTS,GmSc,+/-
1,1,2016-10-26,23-314,NOP,,DEN,L (-5),0,16:50,2,8,.250,0,3,.000,0,0,,1,0,1,3,0,0,0,1,4,1.6,-12
2,2,2016-10-28,23-316,NOP,,GSW,L (-8),0,18:35,1,6,.167,0,2,.000,0,0,,0,1,1,1,0,1,2,1,2,-2.5,-12
3,3,2016-10-29,23-317,NOP,@,SAS,L (-19),0,17:39,3,10,.300,0,3,.000,2,2,1.000,1,4,5,0,2,0,1,1,8,4.7,+1
4,4,2016-11-01,23-320,NOP,,MIL,L (-4),0,13:49,4,10,.400,1,6,.167,1,1,1.000,0,0,0,0,1,0,4,0,10,1.6,-11
5,5,2016-11-02,23-321,NOP,@,MEM,L (-6),0,30:46,6,15,.400,4,9,.444,2,2,1.000,0,4,4,1,2,1,2,4,18,10.9,+6
6,6,2016-11-04,23-323,NOP,,PHO,L (-1),0,22:48,4,14,.286,2,10,.200,0,0,,0,3,3,1,0,0,0,1,10,3.0,+11
7,7,2016-11-07,23-326,NOP,@,GSW,L (-10),0,27:46,4,10,.400,1,5,.200,0,0,,2,4,6,1,0,0,1,3,9,4.7,-10
8,8,2016-11-08,23-327,NOP,@,SAC,L (-8),0,21:48,6,16,.375,1,7,.143,1,2,.500,0,2,2,1,0,0,0,2,14,5.3,-4
9,9,2016-11-10,23-329,NOP,@,MIL,W (+6),0,16:07,3,7,.429,3,6,.500,0,0,,1,3,4,0,1,0,1,0,9,6.9,+7
10,10,2016-11-12,23-331,NOP,,LAL,L (-27),0,26:03,8,13,.615,1,4,.250,1,1,1.000,0,3,3,1,0,0,1,3,18,11.5,-20
11,11,2016-11-14,23-333,NOP,,BOS,W (+1),1,21:23,2,7,.286,1,4,.250,0,0,,0,2,2,3,0,0,0,2,5,2.8,-3
12,12,2016-11-16,23-335,NOP,@,ORL,L (-7),0,20:04,3,7,.429,1,3,.333,1,1,1.000,0,5,5,5,0,0,2,2,8,6.5,-11
13,13,2016-11-18,23-337,NOP,,POR,W (+12),0,6:44,2,2,1.000,1,1,1.000,0,0,,0,1,1,0,0,0,0,0,5,4.7,+3
14,14,2016-11-19,23-338,NOP,,CHO,W (+5),0,5:57,1,4,.250,0,2,.000,0,0,,0,0,0,0,0,0,0,0,2,-0.4,-8
15,15,2016-11-22,23-341,NOP,@,ATL,W (+18),0,8:17,0,1,.000,0,1,.000,0,0,,0,1,1,1,0,0,0,1,0,-0.1,-15
16,16,2016-11-23,23-342,NOP,,MIN,W (+21),0,12:48,0,7,.000,0,4,.000,0,0,,0,0,0,1,0,0,1,1,0,-5.6,-7
17,17,2016-11-25,23-344,NOP,@,POR,L (-15),0,12:07,2,4,.500,1,2,.500,1,1,1.000,0,1,1,0,0,1,0,1,6,4.6,+3
18,18,2016-11-27,23-346,NOP,@,DAL,L (-10),0,16:15,1,5,.200,1,3,.333,2,2,1.000,0,4,4,1,0,0,0,2,5,3.0,-1
19,19,2016-11-29,23-348,NOP,,LAL,W (+17),0,1:28,0,1,.000,0,1,.000,0,0,,0,0,0,0,0,0,0,0,0,-0.7,-3
20,20,2016-12-02,23-351,NOP,,LAC,L (-18),0,3:09,2,2,1.000,0,0,,0,0,,0,0,0,0,0,0,0,0,4,3.4,-1
21,21,2016-12-04,23-353,NOP,@,OKC,L (-9),0,15:03,6,12,.500,4,7,.571,0,0,,1,3,4,1,0,0,1,0,16,11.3,+9
22,22,2016-12-05,23-354,NOP,,MEM,L (-2),1,24:24,3,8,.375,2,5,.400,0,0,,0,3,3,1,1,0,0,2,8,5.4,-13
23,23,2016-12-08,23-357,NOP,,PHI,L (-11),1,34:08,2,12,.167,2,6,.333,0,0,,0,4,4,2,0,0,1,1,6,-0.4,-2
24,24,2016-12-10,23-359,NOP,@,LAC,L (-28),1,35:48,6,13,.462,2,5,.400,1,1,1.000,0,3,3,5,0,0,2,0,15,10.7,-29
25,25,2016-12-11,23-360,NOP,@,PHO,W (+1),1,13:21,3,7,.429,2,4,.500,1,2,.500,0,1,1,0,0,0,0,0,9,5.2,+3
26,26,2016-12-13,23-362,NOP,,GSW,L (-4),1,17:58,3,7,.429,1,3,.333,0,0,,0,3,3,1,0,1,0,1,7,5.2,-8
27,27,2016-12-15,23-364,NOP,,IND,W (+7),1,33:24,8,17,.471,5,8,.625,0,0,,2,2,4,2,0,0,2,2,21,12.9,+10
28,28,2016-12-16,23-365,NOP,@,HOU,L (-22),1,25:43,4,10,.400,3,4,.750,0,0,,0,5,5,1,0,0,2,4,11,4.2,-8
29,29,2016-12-18,24-001,NOP,@,SAS,L (-13),1,25:08,6,11,.545,2,4,.500,0,0,,1,2,3,2,0,0,2,1,14,9.0,-16
30,30,2016-12-20,24-003,NOP,@,PHI,W (+15),1,20:56,4,9,.444,2,2,1.000,0,0,,0,1,1,1,0,0,2,1,10,3.9,0
31,31,2016-12-21,24-004,NOP,,OKC,L (-11),1,19:25,0,3,.000,0,3,.000,2,2,1.000,0,1,1,1,0,0,1,2,2,-0.9,-1
32,32,2016-12-23,24-006,NOP,,MIA,W (+4),1,17:59,1,8,.125,1,4,.250,0,0,,0,3,3,2,1,0,0,0,3,1.1,-10
33,33,2016-12-26,24-009,NOP,,DAL,W (+7),1,23:14,6,8,.750,2,4,.500,0,0,,0,2,2,2,0,0,0,1,14,12.4,+11
34,34,2016-12-28,24-011,NOP,,LAC,W (+4),1,23:01,7,11,.636,3,5,.600,0,0,,1,5,6,0,1,0,1,1,17,13.9,-2
35,35,2016-12-30,24-013,NOP,,NYK,W (+12),1,23:48,3,9,.333,2,5,.400,4,4,1.000,0,2,2,1,0,0,1,0,12,7.2,+9
36,36,2017-01-02,24-016,NOP,@,CLE,L (-8),1,34:34,6,13,.462,4,6,.667,4,4,1.000,0,5,5,2,0,0,2,3,20,13.0,+6
37,37,2017-01-05,24-019,NOP,,ATL,L (-5),1,30:42,5,16,.313,4,9,.444,1,1,1.000,2,5,7,4,1,0,0,2,15,11.7,-17
38,38,2017-01-07,24-021,NOP,@,BOS,L (-9),1,24:14,3,9,.333,3,5,.600,0,0,,0,5,5,3,0,0,1,2,9,5.7,-14
39,39,2017-01-09,24-023,NOP,@,NYK,W (+14),1,27:26,4,7,.571,3,5,.600,0,0,,0,3,3,3,3,0,0,0,11,13.7,+16
40,40,2017-01-12,24-026,NOP,@,BRK,W (+9),1,24:15,2,9,.222,1,6,.167,0,0,,3,2,5,1,0,0,1,2,5,1.1,+12
41,41,2017-01-14,24-028,NOP,@,CHI,L (-8),1,12:20,1,5,.200,0,1,.000,0,0,,0,2,2,0,0,0,2,1,2,-2.9,-9
42,42,2017-01-16,24-030,NOP,@,IND,L (-3),1,14:59,4,5,.800,2,3,.667,0,0,,0,4,4,0,0,1,2,1,10,7.6,-14
43,43,2017-01-18,24-032,NOP,,ORL,W (+20),1,24:07,4,11,.364,2,8,.250,0,1,.000,0,4,4,3,0,0,1,2,10,5.0,-2
44,44,2017-01-20,24-034,NOP,,BRK,L (-29),1,22:29,4,8,.500,1,3,.333,2,2,1.000,1,2,3,1,0,0,0,2,11,8.2,-9
45,45,2017-01-23,24-037,NOP,,CLE,W (+2),1,17:39,1,4,.250,1,2,.500,0,0,,0,2,2,1,0,1,1,1,3,1.2,-2
46,46,2017-01-25,24-039,NOP,,OKC,L (-9),1,23:22,2,10,.200,1,3,.333,0,0,,0,3,3,1,0,0,0,1,5,0.0,-2
47,47,2017-01-27,24-041,NOP,,SAS,W (+16),1,13:03,2,7,.286,1,3,.333,0,0,,1,1,2,2,0,0,1,2,5,1.5,-4
48,48,2017-01-29,24-043,NOP,,WAS,L (-13),1,16:27,0,5,.000,0,3,.000,0,0,,0,2,2,0,0,0,2,2,0,-5.7,+1
49,49,2017-01-31,24-045,NOP,@,TOR,L (-2),1,32:43,6,9,.667,3,5,.600,0,0,,0,6,6,0,0,1,1,2,15,11.8,-12
50,50,2017-02-01,24-046,NOP,@,DET,L (-20),1,21:25,2,7,.286,1,6,.167,0,0,,0,6,6,1,1,0,1,3,5,2.2,+5
51,51,2017-02-04,24-049,NOP,@,WAS,L (-14),1,23:25,3,10,.300,0,3,.000,0,0,,1,2,3,2,0,0,1,2,6,1.1,-1
52,52,2017-02-06,24-051,NOP,,PHO,W (+5),1,27:32,4,9,.444,3,5,.600,0,0,,1,2,3,4,0,0,0,2,11,9.6,+18
53,53,2017-02-08,24-053,NOP,,UTA,L (-33),1,19:22,3,7,.429,2,6,.333,0,0,,0,2,2,0,1,0,0,3,8,4.7,-15
54,54,2017-02-10,24-055,NOP,@,MIN,W (+16),1,21:47,7,10,.700,2,4,.500,1,1,1.000,0,4,4,1,0,0,1,3,17,12.5,+14
55,55,2017-02-12,24-057,NOP,@,SAC,L (-6),1,14:22,2,5,.400,1,3,.333,0,0,,0,0,0,2,0,0,0,2,5,2.9,+3
56,56,2017-02-13,24-058,NOP,@,PHO,W (+2),1,23:21,2,7,.286,2,5,.400,2,3,.667,0,5,5,3,2,0,1,1,8,7.7,-2
57,57,2017-02-15,24-060,NOP,@,MEM,W (+4),1,18:02,2,4,.500,1,2,.500,0,0,,0,2,2,1,1,0,0,1,5,4.9,+11
58,58,2017-02-23,24-068,SAC,,DEN,W (+16),0,26:12,6,10,.600,1,3,.333,3,3,1.000,0,6,6,1,1,0,1,0,16,13.9,+8
59,59,2017-02-25,24-070,SAC,,CHO,L (-14),0,26:13,5,10,.500,2,5,.400,3,3,1.000,0,1,1,2,0,0,3,1,15,8.3,-3
60,60,2017-02-27,24-072,SAC,,MIN,L (-14),0,26:47,3,8,.375,1,5,.200,1,2,.500,0,5,5,0,1,0,4,1,8,1.3,-14
61,61,2017-03-01,24-074,SAC,,BRK,L (-9),0,26:19,6,11,.545,4,6,.667,0,0,,1,0,1,0,2,0,3,2,16,9.6,0
62,62,2017-03-05,24-078,SAC,,UTA,L (-1),0,18:37,4,7,.571,2,4,.500,0,0,,0,2,2,1,1,0,5,0,10,4.0,+11
63,63,2017-03-06,24-079,SAC,@,DEN,L (-12),0,23:15,4,7,.571,2,2,1.000,4,5,.800,0,3,3,0,1,0,4,1,14,7.8,+2
64,64,2017-03-08,24-081,SAC,@,SAS,L (-10),0,18:26,4,9,.444,3,5,.600,0,0,,0,2,2,1,0,0,1,0,11,6.6,-9
65,65,2017-03-10,24-083,SAC,,WAS,L (-8),1,36:52,7,16,.438,4,8,.500,0,0,,2,2,4,1,0,0,2,4,18,8.7,-7
66,66,2017-03-11,24-084,SAC,,DEN,L (-13),1,30:02,6,8,.750,3,5,.600,2,2,1.000,2,4,6,3,1,0,2,0,17,17.5,+1
67,67,2017-03-13,24-086,SAC,,ORL,W (+5),1,31:23,6,13,.462,2,6,.333,3,4,.750,0,6,6,2,2,0,2,1,17,12.7,+11
68,68,2017-03-15,24-088,SAC,@,PHO,W (+6),1,21:18,3,7,.429,1,3,.333,0,0,,0,2,2,0,0,1,2,3,7,1.4,-15
69,69,2017-03-18,24-091,SAC,@,OKC,L (-16),1,32:20,4,12,.333,2,8,.250,1,1,1.000,0,1,1,0,1,0,2,1,11,3.1,-5
70,70,2017-03-19,24-092,SAC,@,SAS,L (-16),1,32:04,8,14,.571,2,3,.667,0,0,,0,5,5,5,1,0,0,0,18,17.4,-12
71,71,2017-03-22,24-095,SAC,,MIL,L (-18),1,35:43,8,16,.500,2,6,.333,3,5,.600,1,3,4,2,1,0,1,0,21,15.2,-5
72,72,2017-03-24,24-097,SAC,@,GSW,L (-14),1,33:21,7,14,.500,4,9,.444,4,4,1.000,2,6,8,7,2,0,3,3,22,20.9,+1
73,73,2017-03-26,24-099,SAC,@,LAC,W (+1),1,23:13,5,12,.417,3,8,.375,2,2,1.000,1,6,7,2,1,0,0,0,15,13.5,-1
74,74,2017-03-27,24-100,SAC,,MEM,W (+1),1,33:30,5,12,.417,2,7,.286,2,2,1.000,0,4,4,0,0,0,1,1,14,7.4,+4
75,75,2017-03-29,24-102,SAC,,UTA,L (-30),1,29:34,1,7,.143,0,3,.000,0,0,,0,2,2,1,1,0,1,0,2,-1.2,-29
76,76,2017-03-31,24-104,SAC,@,NOP,L (-28),1,24:56,6,9,.667,1,4,.250,0,0,,2,6,8,3,1,1,4,1,13,11.7,-4
77,77,2017-04-01,24-105,SAC,@,MIN,W (+6),1,34:16,9,15,.600,4,6,.667,0,0,,0,4,4,1,1,0,1,3,22,15.8,-3
78,78,2017-04-04,24-108,SAC,,DAL,W (+11),1,30:04,5,14,.357,4,7,.571,2,2,1.000,1,3,4,3,0,0,2,0,16,9.9,+8
79,79,2017-04-07,24-111,SAC,@,LAL,L (-4),1,30:22,7,14,.500,3,5,.600,0,0,,0,1,1,2,1,0,4,2,17,7.9,+1
80,80,2017-04-09,24-113,SAC,,HOU,L (-7),1,32:20,4,16,.250,1,8,.125,3,4,.750,1,5,6,3,0,0,1,3,12,4.1,-10
81,81,2017-04-11,24-115,SAC,,PHO,W (+25),1,32:33,12,20,.600,4,8,.500,2,3,.667,1,4,5,0,1,0,2,4,30,19.7,+21
82,82,2017-04-12,24-116,SAC,@,LAC,L (-20),1,37:13,7,15,.467,2,4,.500,0,1,.000,2,4,6,4,0,0,2,3,16,10.1,-13
1,1,2017-10-18,24-305,SAC,,HOU,L (-5),1,32:49,8,17,.471,3,7,.429,0,0,,1,4,5,4,1,0,2,5,19,12.0,+3
2,2,2017-10-20,24-307,SAC,@,DAL,W (+5),1,27:28,4,11,.364,1,6,.167,4,4,1.000,1,5,6,3,0,0,1,1,13,9.8,+7
3,3,2017-10-21,24-308,SAC,@,DEN,L (-17),1,22:16,1,10,.100,0,4,.000,1,1,1.000,0,3,3,3,0,0,0,2,3,-1.4,-10
4,4,2017-10-23,24-310,SAC,@,PHO,L (-2),1,16:46,6,15,.400,1,4,.250,1,2,.500,1,1,2,0,5,0,1,3,14,9.3,-18
5,5,2017-10-26,24-313,SAC,,NOP,L (-8),1,19:32,5,9,.556,1,3,.333,1,1,1.000,1,2,3,0,0,0,2,2,12,6.2,-1
6,6,2017-10-29,24-316,SAC,,WAS,L (-27),1,26:49,3,11,.273,1,4,.250,0,0,,2,1,3,1,0,0,1,2,7,1.1,-24
7,7,2017-10-31,24-318,SAC,@,IND,L (-18),1,19:18,2,9,.222,0,3,.000,0,0,,1,1,2,0,1,0,2,1,4,-1.9,-20
8,8,2017-11-01,24-319,SAC,@,BOS,L (-27),0,26:45,7,11,.636,2,4,.500,1,1,1.000,0,7,7,2,3,0,5,4,17,12.0,-18
9,9,2017-11-04,24-322,SAC,@,DET,L (-9),0,21:09,5,11,.455,1,3,.333,2,2,1.000,1,7,8,0,0,1,1,2,13,9.0,+2
10,10,2017-11-07,24-325,SAC,,OKC,W (+8),0,27:37,7,9,.778,4,4,1.000,3,3,1.000,0,7,7,1,2,0,3,3,21,18.1,+5
11,11,2017-11-09,24-327,SAC,,PHI,W (+1),0,20:27,3,10,.300,2,4,.500,0,0,,0,4,4,4,1,0,0,0,8,7.2,+4
12,12,2017-11-11,24-329,SAC,@,NYK,L (-27),0,27:07,6,13,.462,4,5,.800,1,2,.500,2,5,7,4,0,0,1,1,17,14.2,-10
13,13,2017-11-13,24-331,SAC,@,WAS,L (-18),0,26:01,5,11,.455,2,5,.400,0,0,,1,2,3,3,3,0,2,2,12,9.9,-10
14,14,2017-11-15,24-333,SAC,@,ATL,L (-46),0,20:35,2,8,.250,1,4,.250,1,2,.500,1,1,2,2,2,1,1,4,6,3.3,-28
15,15,2017-11-17,24-335,SAC,,POR,W (+4),0,16:33,3,5,.600,2,3,.667,0,0,,0,1,1,0,1,0,2,2,8,4.2,+12
16,,2017-11-18,24-336,SAC,@,POR,L (-12),Inactive,Inactive,Inactive,Inactive,Inactive,Inactive,Inactive,Inactive,Inactive,Inactive,Inactive,Inactive,Inactive,Inactive,Inactive,Inactive,Inactive,Inactive,Inactive,Inactive,Inactive,Inactive
17,,2017-11-20,24-338,SAC,,DEN,L (-16),Inactive,Inactive,Inactive,Inactive,Inactive,Inactive,Inactive,Inactive,Inactive,Inactive,Inactive,Inactive,Inactive,Inactive,Inactive,Inactive,Inactive,Inactive,Inactive,Inactive,Inactive,Inactive
18,16,2017-11-22,24-340,SAC,,LAL,W (+11),0,15:00,4,7,.571,1,3,.333,1,1,1.000,0,1,1,0,1,0,0,1,10,7.6,+14
19,17,2017-11-25,24-343,SAC,,LAC,L (-2),0,25:58,10,18,.556,7,9,.778,0,0,,2,3,5,2,0,1,1,0,27,21.8,-4
20,18,2017-11-27,24-345,SAC,@,GSW,W (+4),0,15:10,2,5,.400,1,2,.500,0,0,,0,1,1,0,0,0,0,0,5,2.6,-8
21,19,2017-11-28,24-346,SAC,,MIL,L (-25),0,21:19,5,10,.500,1,2,.500,2,2,1.000,0,2,2,0,1,0,1,1,13,8.2,0
22,20,2017-12-01,24-349,SAC,@,CHI,W (+1),0,7:27,0,2,.000,0,0,,0,0,,0,0,0,0,1,0,1,0,0,-1.4,-6
23,21,2017-12-02,24-350,SAC,@,MIL,L (-5),0,29:48,6,12,.500,4,6,.667,3,3,1.000,1,5,6,4,1,0,1,3,19,16.8,+11
24,22,2017-12-06,24-354,SAC,@,CLE,L (-6),0,25:43,7,13,.538,2,6,.333,1,1,1.000,0,4,4,3,3,1,3,3,17,13.5,-3
25,23,2017-12-08,24-356,SAC,@,NOP,W (+7),0,33:21,7,12,.583,4,5,.800,0,0,,0,7,7,2,1,0,3,2,18,13.1,+21
26,24,2017-12-10,24-358,SAC,,TOR,L (-15),0,28:05,7,13,.538,3,5,.600,0,0,,0,3,3,2,1,0,6,0,17,8.0,-3
27,25,2017-12-12,24-360,SAC,,PHO,W (+7),0,25:07,6,14,.429,2,5,.400,0,0,,0,2,2,0,0,0,0,1,14,6.8,+5
28,26,2017-12-14,24-362,SAC,@,MIN,L (-23),0,21:40,4,9,.444,2,7,.286,0,0,,2,1,3,0,0,0,1,1,10,5.6,+6
29,27,2017-12-17,25-000,SAC,@,TOR,L (-15),0,17:09,3,8,.375,1,2,.500,0,0,,1,1,2,1,1,0,3,1,7,1.9,-10
30,28,2017-12-19,25-002,SAC,@,PHI,W (+6),0,28:07,9,19,.474,3,9,.333,3,3,1.000,1,4,5,2,3,0,3,1,24,17.2,+14
31,29,2017-12-20,25-003,SAC,@,BRK,W (+5),0,16:15,1,7,.143,0,2,.000,0,0,,0,2,2,1,0,0,0,0,2,-1.2,+4
32,30,2017-12-23,25-006,SAC,,SAS,L (-9),1,31:50,9,17,.529,4,7,.571,2,2,1.000,1,7,8,1,0,1,0,2,24,19.1,-9
33,31,2017-12-26,25-009,SAC,@,LAC,L (-27),1,17:33,4,9,.444,2,4,.500,0,0,,0,0,0,0,1,0,2,4,10,2.7,-4
34,32,2017-12-27,25-010,SAC,,CLE,W (+14),0,24:07,3,7,.429,2,4,.500,0,0,,1,1,2,4,1,0,0,1,8,8.7,+25
35,33,2017-12-29,25-012,SAC,,PHO,L (-10),0,24:42,4,12,.333,2,5,.400,2,2,1.000,0,4,4,1,0,0,1,4,12,4.5,-9
36,34,2017-12-31,25-014,SAC,,MEM,L (-18),0,30:31,5,14,.357,3,7,.429,2,3,.667,0,1,1,2,0,1,1,1,15,7.8,+5
37,35,2018-01-02,25-016,SAC,,CHO,L (-20),0,24:33,2,4,.500,2,3,.667,0,0,,0,2,2,2,0,0,1,3,6,3.8,-19
38,36,2018-01-06,25-020,SAC,,DEN,W (+8),1,34:34,5,14,.357,4,9,.444,0,0,,0,5,5,2,0,0,0,1,14,8.7,+14
39,37,2018-01-08,25-022,SAC,,SAS,L (-7),1,28:13,4,12,.333,2,8,.250,0,0,,0,3,3,1,1,0,3,0,10,2.8,+9
40,38,2018-01-09,25-023,SAC,@,LAL,L (-13),1,22:31,4,11,.364,3,4,.750,2,2,1.000,0,1,1,2,1,0,2,2,13,6.8,-14
41,39,2018-01-11,25-025,SAC,,LAC,L (-6),0,31:33,5,13,.385,2,7,.286,2,3,.667,1,3,4,5,0,0,2,3,14,8.4,-4
42,40,2018-01-13,25-027,SAC,@,LAC,L (-21),0,21:28,5,8,.625,0,2,.000,0,0,,0,4,4,0,1,0,1,1,10,7.2,-13
43,41,2018-01-15,25-029,SAC,@,OKC,L (-7),0,27:54,6,15,.400,0,5,.000,4,4,1.000,1,4,5,4,0,0,0,2,16,11.8,+2
44,42,2018-01-17,25-031,SAC,,UTA,L (-15),0,24:40,4,7,.571,1,3,.333,0,0,,0,2,2,2,0,2,0,2,9,8.3,-12
45,43,2018-01-19,25-033,SAC,@,MEM,L (-18),0,25:58,4,11,.364,2,4,.500,3,3,1.000,1,6,7,2,2,0,0,2,13,12.0,-6
46,44,2018-01-22,25-036,SAC,@,CHO,L (-5),0,26:42,6,13,.462,4,6,.667,2,2,1.000,0,5,5,2,0,0,1,3,18,12.0,-7
47,45,2018-01-23,25-037,SAC,@,ORL,W (+6),0,28:15,5,10,.500,3,6,.500,0,0,,1,4,5,2,4,1,2,3,13,12.8,+4
48,46,2018-01-25,25-039,SAC,@,MIA,W (+1),0,28:36,10,15,.667,4,7,.571,0,0,,1,4,5,1,0,0,2,0,24,18.1,-2
49,47,2018-01-28,25-042,SAC,@,SAS,L (-15),0,19:55,0,5,.000,0,3,.000,0,0,,0,0,0,2,0,0,0,3,0,-3.3,-8
50,48,2018-01-30,25-044,SAC,@,NOP,W (+11),0,21:41,4,9,.444,0,4,.000,0,0,,0,1,1,0,0,0,1,0,8,2.6,-2
51,49,2018-02-02,25-047,SAC,,GSW,L (-15),0,21:37,7,14,.500,2,4,.500,0,1,.000,1,2,3,0,3,1,0,2,16,12.8,-13
52,50,2018-02-03,25-048,SAC,,DAL,L (-7),0,20:44,5,13,.385,3,6,.500,0,0,,0,3,3,0,1,1,2,1,13,6.1,-13
53,51,2018-02-05,25-050,SAC,,CHI,W (+6),0,21:14,4,10,.400,3,7,.429,0,0,,0,2,2,1,0,1,0,1,11,7.2,+3
54,52,2018-02-09,25-054,SAC,,POR,L (-18),0,22:08,5,12,.417,5,9,.556,1,2,.500,0,2,2,1,1,0,2,3,16,8.3,-4
55,53,2018-02-11,25-056,SAC,@,MIN,L (-5),0,18:52,6,13,.462,2,5,.400,2,2,1.000,2,2,4,1,2,1,3,1,16,11.3,-13
56,54,2018-02-13,25-058,SAC,@,DAL,W (+5),0,17:11,3,8,.375,1,4,.250,1,1,1.000,0,1,1,1,1,0,0,0,8,5.6,+13
57,55,2018-02-14,25-059,SAC,@,HOU,L (-9),0,22:28,5,14,.357,2,9,.222,0,0,,0,4,4,1,1,0,2,3,12,3.9,+1
58,56,2018-02-22,25-067,SAC,,OKC,L (-3),0,29:07,8,13,.615,3,4,.750,0,0,,1,8,9,4,1,0,1,1,19,18.6,+15
59,57,2018-02-24,25-069,SAC,,LAL,L (-5),0,31:05,8,17,.471,5,10,.500,0,0,,4,4,8,1,0,0,3,4,21,12.4,+3
60,58,2018-02-26,25-071,SAC,,MIN,L (-18),0,27:39,7,15,.467,2,6,.333,0,0,,2,3,5,3,0,1,3,2,16,9.6,-2
61,59,2018-02-27,25-072,SAC,@,POR,L (-17),0,28:46,2,11,.182,0,4,.000,2,2,1.000,0,5,5,2,0,2,0,1,6,3.0,-8
62,60,2018-03-01,25-074,SAC,,BRK,W (+5),0,34:13,6,13,.462,1,2,.500,3,3,1.000,0,4,4,4,3,0,1,2,16,14.5,+17
63,61,2018-03-03,25-076,SAC,,UTA,L (-7),0,29:19,4,13,.308,1,5,.200,0,0,,2,2,4,1,0,1,1,4,9,2.3,-7
64,62,2018-03-04,25-077,SAC,,NYK,W (+3),0,26:42,5,10,.500,2,4,.500,0,0,,0,4,4,1,1,0,3,1,12,6.5,-4
65,63,2018-03-07,25-080,SAC,,NOP,L (-13),0,30:51,7,18,.389,4,11,.364,2,2,1.000,2,3,5,1,1,0,2,3,20,11.0,-8
66,64,2018-03-09,25-082,SAC,,ORL,W (+6),0,29:36,0,8,.000,0,2,.000,0,0,,1,2,3,3,1,0,2,3,0,-4.4,-6
67,65,2018-03-11,25-084,SAC,@,DEN,L (-26),0,27:08,8,15,.533,2,6,.333,0,0,,1,4,5,4,0,1,0,1,18,15.7,-1
68,66,2018-03-12,25-085,SAC,@,OKC,L (-5),0,14:55,1,6,.167,1,4,.250,0,0,,0,1,1,0,0,2,0,0,3,0.9,-2
69,67,2018-03-14,25-087,SAC,,MIA,W (+4),0,31:24,9,16,.563,2,7,.286,4,4,1.000,2,4,6,3,2,1,0,1,24,23.4,+11
70,68,2018-03-16,25-089,SAC,@,GSW,W (+5),0,30:06,7,13,.538,5,10,.500,3,4,.750,0,7,7,7,0,0,4,1,22,17.9,+15
71,69,2018-03-17,25-090,SAC,@,UTA,L (-6),0,28:50,9,15,.600,5,8,.625,0,0,,0,6,6,6,1,0,2,2,23,20.3,+14
72,70,2018-03-19,25-092,SAC,,DET,L (-16),1,32:44,8,15,.533,3,6,.500,1,1,1.000,0,6,6,4,2,0,4,2,20,14.5,-16
73,71,2018-03-22,25-095,SAC,,ATL,W (+15),0,28:21,7,15,.467,2,4,.500,0,0,,1,1,2,2,2,0,2,3,16,9.5,+19
74,72,2018-03-25,25-098,SAC,,BOS,L (-11),0,25:37,8,16,.500,3,7,.429,2,2,1.000,1,5,6,1,3,0,4,1,21,14.5,-7
75,73,2018-03-27,25-100,SAC,,DAL,L (-6),0,25:02,6,15,.400,2,7,.286,0,0,,0,2,2,2,1,0,0,4,14,7.3,+3
76,74,2018-03-29,25-102,SAC,,IND,L (-3),0,30:46,7,12,.583,4,7,.571,2,2,1.000,1,6,7,4,0,0,5,2,20,13.9,-7
77,75,2018-03-31,25-104,SAC,,GSW,L (-16),0,29:22,6,11,.545,4,5,.800,3,3,1.000,1,2,3,4,2,0,1,1,19,18.4,-17
78,76,2018-04-01,25-105,SAC,@,LAL,W (+1),0,32:25,8,15,.533,3,5,.600,0,0,,0,3,3,2,4,0,2,1,19,15.6,+4
79,77,2018-04-03,25-107,SAC,@,PHO,L (-3),0,25:28,4,11,.364,1,2,.500,1,2,.500,2,2,4,0,2,0,2,4,10,3.9,-9
80,78,2018-04-06,25-110,SAC,@,MEM,W (+1),0,34:06,6,11,.545,2,4,.500,0,0,,2,3,5,6,3,0,5,4,14,11.6,-4
81,79,2018-04-09,25-113,SAC,@,SAS,L (-13),0,32:04,7,17,.412,3,6,.500,0,0,,1,2,3,1,2,1,2,2,17,9.8,-22
82,80,2018-04-11,25-115,SAC,,HOU,W (+13),0,27:44,6,13,.462,2,4,.500,0,1,.000,2,3,5,5,2,0,0,2,14,13.9,+6
1,1,2018-10-17,25-304,SAC,,UTA,L (-6),1,31:50,9,18,.500,1,4,.250,0,1,.000,1,5,6,1,1,1,4,6,19,7.8,+9
2,2,2018-10-19,25-306,SAC,@,NOP,L (-20),1,26:50,7,11,.636,3,4,.750,0,0,,1,1,2,3,0,1,2,2,17,13.1,-18
3,3,2018-10-21,25-308,SAC,@,OKC,W (+11),1,23:24,6,11,.545,2,4,.500,3,3,1.000,0,5,5,2,0,0,2,3,17,11.4,+8
4,4,2018-10-23,25-310,SAC,@,DEN,L (-14),1,23:15,2,7,.286,1,3,.333,0,0,,2,3,5,1,0,0,2,1,5,1.5,-16
5,5,2018-10-24,25-311,SAC,,MEM,W (+5),1,41:26,10,20,.500,3,6,.500,0,0,,2,5,7,2,0,0,3,2,23,13.5,+16
6,6,2018-10-26,25-313,SAC,,WAS,W (+4),1,35:48,8,17,.471,2,7,.286,4,5,.800,1,4,5,2,0,1,3,1,22,13.5,+14
7,7,2018-10-29,25-316,SAC,@,MIA,W (+10),1,35:30,8,14,.571,4,6,.667,3,4,.750,0,8,8,5,2,1,3,2,23,20.8,+10
8,8,2018-10-30,25-317,SAC,@,ORL,W (+8),1,38:40,9,15,.600,1,4,.250,6,6,1.000,0,11,11,3,0,1,2,2,25,21.4,+13
9,9,2018-11-01,25-319,SAC,@,ATL,W (+31),1,33:10,10,17,.588,5,7,.714,2,3,.667,0,5,5,6,2,1,3,4,27,22.5,+40
10,10,2018-11-04,25-322,SAC,@,MIL,L (-35),1,24:03,8,15,.533,2,5,.400,1,1,1.000,2,2,4,1,0,0,3,2,19,10.6,-18
11,11,2018-11-07,25-325,SAC,,TOR,L (-9),1,35:33,9,22,.409,3,9,.333,3,3,1.000,0,4,4,3,1,1,1,1,24,15.8,-3
12,12,2018-11-09,25-327,SAC,,MIN,W (+11),1,33:20,6,14,.429,3,7,.429,0,0,,2,8,10,3,0,0,2,5,15,9.5,+4
13,13,2018-11-10,25-328,SAC,,LAL,L (-15),1,25:57,3,17,.176,1,6,.167,5,5,1.000,2,2,4,2,0,0,2,2,12,1.9,-9
14,14,2018-11-12,25-330,SAC,,SAS,W (+5),1,25:51,5,13,.385,2,5,.400,2,4,.500,1,1,2,4,2,0,1,1,14,10.5,+7
15,15,2018-11-16,25-334,SAC,@,MEM,L (-8),1,27:32,6,12,.500,2,4,.500,2,2,1.000,0,4,4,3,2,1,3,2,16,12.2,-23
16,16,2018-11-17,25-335,SAC,@,HOU,L (-20),1,29:42,10,17,.588,3,6,.500,0,0,,5,2,7,2,1,0,2,3,23,18.4,-23
17,17,2018-11-19,25-337,SAC,,OKC,W (+4),1,35:12,9,18,.500,5,10,.500,2,2,1.000,0,4,4,2,0,0,0,1,25,18.2,+5
18,18,2018-11-21,25-339,SAC,@,UTA,W (+9),1,29:36,4,12,.333,2,5,.400,0,0,,0,7,7,4,0,0,3,3,10,3.9,+13
19,19,2018-11-24,25-342,SAC,@,GSW,L (-1),1,33:10,12,21,.571,4,6,.667,0,1,.000,2,5,7,3,0,1,2,3,28,20.2,-1
20,20,2018-11-25,25-343,SAC,,UTA,L (-21),1,31:38,5,10,.500,2,5,.400,0,0,,1,3,4,1,0,0,5,5,12,2.3,-21
21,21,2018-11-29,25-347,SAC,,LAC,L (-12),1,29:52,4,13,.308,0,7,.000,2,2,1.000,2,4,6,2,0,0,2,1,10,4.1,-6
22,22,2018-12-01,25-349,SAC,,IND,W (+1),1,34:28,6,16,.375,2,9,.222,4,4,1.000,1,4,5,4,0,0,2,3,18,10.7,+3
23,23,2018-12-04,25-352,SAC,@,PHO,W (+17),1,17:51,7,13,.538,3,5,.600,3,4,.750,2,3,5,1,1,0,1,1,20,15.9,+8
24,24,2018-12-07,25-355,SAC,@,CLE,W (+19),1,32:44,9,17,.529,5,8,.625,2,2,1.000,1,3,4,2,0,2,1,2,25,19.3,+14
25,25,2018-12-08,25-356,SAC,@,IND,L (-10),1,32:24,8,20,.400,4,12,.333,0,0,,2,2,4,0,0,0,1,3,20,9.0,-17
26,26,2018-12-10,25-358,SAC,@,CHI,W (+19),1,33:25,5,11,.455,4,9,.444,0,0,,0,4,4,4,1,0,2,1,14,10.9,+27
27,27,2018-12-12,25-360,SAC,,MIN,W (+11),1,26:28,7,13,.538,5,8,.625,1,2,.500,1,1,2,3,0,1,1,3,20,14.9,0
28,28,2018-12-14,25-362,SAC,,GSW,L (-5),1,32:41,11,21,.524,5,13,.385,0,0,,2,2,4,2,0,0,0,2,27,19.3,-10
29,29,2018-12-16,25-364,SAC,@,DAL,W (+7),1,39:13,12,23,.522,3,9,.333,1,1,1.000,0,4,4,2,0,0,2,3,28,16.1,+14
30,30,2018-12-17,26-000,SAC,@,MIN,L (-27),1,18:18,7,13,.538,5,10,.500,2,2,1.000,1,0,1,1,0,0,0,2,21,15.3,-19
31,31,2018-12-19,26-002,SAC,,OKC,L (-19),1,34:57,11,25,.440,7,14,.500,8,8,1.000,0,6,6,3,2,0,0,2,37,29.0,-11
32,32,2018-12-21,26-004,SAC,,MEM,W (+3),1,38:20,9,24,.375,6,13,.462,4,5,.800,2,6,8,1,1,0,2,2,28,16.5,+2
33,33,2018-12-23,26-006,SAC,,NOP,W (+5),1,36:32,11,18,.611,6,11,.545,0,1,.000,1,5,6,1,0,0,2,2,28,19.5,+17
34,34,2018-12-26,26-009,SAC,@,LAC,L (-9),1,26:23,4,18,.222,0,6,.000,3,3,1.000,2,4,6,1,0,1,3,2,11,0.2,-16
35,35,2018-12-27,26-010,SAC,,LAL,W (+1),1,29:18,2,8,.250,0,2,.000,2,2,1.000,2,3,5,0,3,1,2,3,6,4.0,-3
36,36,2018-12-30,26-013,SAC,@,LAL,L (-7),1,37:11,7,17,.412,4,11,.364,3,4,.750,0,3,3,2,0,0,3,5,21,8.8,-3
37,37,2019-01-01,26-015,SAC,,POR,L (-5),1,39:02,11,23,.478,5,8,.625,0,0,,2,3,5,4,0,1,2,4,27,17.5,-10
38,38,2019-01-03,26-017,SAC,,DEN,L (-4),1,34:33,12,19,.632,5,9,.556,0,0,,1,1,2,2,1,0,1,3,29,21.7,-5
39,39,2019-01-05,26-019,SAC,,GSW,L (-4),1,34:51,12,21,.571,8,13,.615,0,0,,3,2,5,4,0,0,0,4,32,26.0,-2
40,40,2019-01-07,26-021,SAC,,ORL,W (+16),1,24:50,5,10,.500,3,6,.500,0,0,,0,3,3,1,0,0,0,2,13,8.8,+9
41,41,2019-01-08,26-022,SAC,@,PHO,L (-4),1,31:00,5,11,.455,3,5,.600,3,3,1.000,1,3,4,2,0,0,5,1,16,7.9,-11
42,42,2019-01-10,26-024,SAC,,DET,W (+10),1,28:38,8,13,.615,2,5,.400,0,0,,1,1,2,0,0,0,1,1,18,11.7,+17
43,43,2019-01-12,26-026,SAC,,CHO,W (+7),1,30:27,8,21,.381,5,12,.417,0,0,,2,2,4,3,0,0,2,1,21,11.2,+9
44,44,2019-01-14,26-028,SAC,,POR,W (+8),1,28:09,7,10,.700,2,4,.500,3,3,1.000,4,3,7,0,0,0,1,1,19,17.1,-1
45,45,2019-01-17,26-031,SAC,@,CHO,L (-19),1,32:06,9,18,.500,6,11,.545,0,0,,0,1,1,1,2,0,0,2,24,17.2,-9
46,46,2019-01-19,26-033,SAC,@,DET,W (+2),1,37:33,13,22,.591,7,9,.778,2,2,1.000,3,6,9,3,0,1,1,3,35,29.3,+10
47,47,2019-01-21,26-035,SAC,@,BRK,L (-29),1,27:17,4,10,.400,3,6,.500,0,0,,1,6,7,1,0,0,1,2,11,7.0,-26
48,48,2019-01-22,26-036,SAC,@,TOR,L (-15),1,35:27,5,14,.357,2,6,.333,3,3,1.000,0,3,3,5,1,1,4,3,15,8.1,+1
49,49,2019-01-25,26-039,SAC,@,MEM,W (+3),1,35:41,9,18,.500,6,9,.667,2,3,.667,2,5,7,2,0,0,0,1,26,20.5,0
50,50,2019-01-27,26-041,SAC,@,LAC,L (-14),1,38:25,6,17,.353,2,7,.286,2,2,1.000,2,2,4,5,2,0,1,3,16,11.8,0
51,51,2019-01-30,26-044,SAC,,ATL,W (+22),1,25:29,6,11,.545,4,8,.500,2,2,1.000,0,3,3,3,1,1,2,5,18,13.4,+8
52,52,2019-02-02,26-047,SAC,,PHI,W (+7),1,35:29,12,21,.571,7,13,.538,3,4,.750,1,5,6,3,1,0,2,4,34,25.4,+20
53,53,2019-02-04,26-049,SAC,,SAS,W (+15),1,34:37,5,12,.417,3,8,.375,5,6,.833,1,7,8,5,0,0,1,2,18,15.7,+9
54,54,2019-02-06,26-051,SAC,,HOU,L (-26),1,32:33,8,17,.471,3,10,.300,1,1,1.000,3,7,10,2,0,0,6,3,20,9.7,-24
55,55,2019-02-08,26-053,SAC,,MIA,W (+6),1,34:10,8,16,.500,4,9,.444,3,4,.750,2,5,7,1,0,2,2,3,23,16.4,+5
56,56,2019-02-10,26-055,SAC,,PHO,W (+13),1,25:52,6,15,.400,3,9,.333,3,4,.750,3,3,6,0,1,1,1,2,18,12.4,+6
57,57,2019-02-13,26-058,SAC,@,DEN,L (-2),1,33:34,9,23,.391,2,7,.286,5,5,1.000,1,4,5,3,1,0,3,1,25,14.1,-1
58,58,2019-02-21,26-066,SAC,@,GSW,L (-2),1,31:19,8,19,.421,2,8,.250,1,1,1.000,3,4,7,2,0,1,2,3,19,11.1,-6
59,59,2019-02-23,26-068,SAC,@,OKC,W (+3),1,35:50,12,22,.545,3,5,.600,7,9,.778,0,5,5,4,1,1,3,1,34,25.2,+3
60,60,2019-02-25,26-070,SAC,@,MIN,L (-7),1,28:44,7,16,.438,3,6,.500,1,2,.500,3,5,8,0,3,0,5,2,18,10.0,-18
61,61,2019-02-27,26-072,SAC,,MIL,L (-1),1,40:32,10,29,.345,3,11,.273,9,9,1.000,3,3,6,3,3,0,1,3,32,21.6,+3
62,62,2019-03-01,26-074,SAC,,LAC,L (-7),1,35:46,6,19,.316,3,8,.375,8,8,1.000,3,3,6,3,1,0,1,6,23,14.8,-13
63,63,2019-03-04,26-077,SAC,,NYK,W (+7),1,34:34,9,18,.500,3,8,.375,7,7,1.000,2,4,6,7,2,1,2,4,28,25.6,+10
64,64,2019-03-06,26-079,SAC,,BOS,L (-2),1,38:19,8,19,.421,4,9,.444,3,3,1.000,1,7,8,2,1,1,3,3,23,14.6,+8
65,65,2019-03-09,26-082,SAC,@,NYK,W (+8),1,36:07,7,22,.318,4,13,.308,1,1,1.000,1,3,4,2,0,1,1,1,19,8.7,+11
66,66,2019-03-11,26-084,SAC,@,WAS,L (-6),1,33:12,6,21,.286,1,9,.111,2,3,.667,1,3,4,2,0,0,2,4,15,1.7,-2
67,67,2019-03-14,26-087,SAC,@,BOS,L (-6),1,35:19,14,24,.583,6,10,.600,0,0,,2,2,4,7,0,0,1,4,34,27.1,+5
68,68,2019-03-15,26-088,SAC,@,PHI,L (-9),1,30:48,4,14,.286,2,8,.250,4,4,1.000,1,4,5,0,1,0,0,2,14,7.9,-20
69,69,2019-03-17,26-090,SAC,,CHI,W (+27),1,24:56,6,12,.500,2,3,.667,2,2,1.000,1,2,3,4,3,1,2,2,16,15.0,+25
70,70,2019-03-19,26-092,SAC,,BRK,L (-2),1,36:05,4,13,.308,0,8,.000,0,0,,2,2,4,3,3,1,3,0,8,5.3,-7
71,71,2019-03-21,26-094,SAC,,DAL,W (+16),1,35:21,10,21,.476,7,13,.538,2,2,1.000,0,2,2,4,2,0,0,1,29,23.3,+24
72,72,2019-03-23,26-096,SAC,,PHO,W (+9),1,35:57,9,20,.450,7,14,.500,0,0,,3,4,7,2,1,1,2,5,25,17.0,+10
73,73,2019-03-24,26-097,SAC,@,LAL,L (-5),1,30:09,6,21,.286,5,12,.417,1,1,1.000,1,5,6,3,0,0,1,4,18,7.4,-11
74,74,2019-03-26,26-099,SAC,@,DAL,W (+4),1,34:31,4,13,.308,3,8,.375,6,6,1.000,0,5,5,3,1,1,1,5,17,11.8,+15
75,75,2019-03-28,26-101,SAC,@,NOP,L (-3),1,32:50,11,21,.524,1,8,.125,4,4,1.000,0,2,2,1,0,0,3,0,27,15.0,-8
76,76,2019-03-30,26-103,SAC,@,HOU,L (-11),1,35:58,8,18,.444,3,8,.375,2,2,1.000,0,3,3,3,1,1,0,3,21,15.1,-11
77,77,2019-03-31,26-104,SAC,@,SAS,W (+7),1,31:23,8,15,.533,4,6,.667,6,7,.857,0,5,5,3,1,0,0,1,26,22.5,-1
78,78,2019-04-02,26-106,SAC,,HOU,L (-25),1,32:34,8,16,.500,4,9,.444,0,0,,1,6,7,5,0,1,0,2,20,17.9,-25
79,79,2019-04-04,26-108,SAC,,CLE,W (+13),1,29:25,9,16,.563,5,11,.455,0,0,,0,2,2,2,3,1,1,2,23,19.3,+5
80,80,2019-04-05,26-109,SAC,@,UTA,L (-21),1,26:13,7,17,.412,3,7,.429,0,0,,1,2,3,0,1,0,0,3,17,9.0,-14
81,81,2019-04-07,26-111,SAC,,NOP,L (-4),1,31:35,5,15,.333,2,10,.200,0,0,,2,3,5,6,1,0,3,2,12,7.2,-11
82,82,2019-04-10,26-114,SAC,@,POR,L (-5),1,16:07,3,6,.500,3,5,.600,0,0,,1,2,3,2,0,0,1,0,9,7.7,+16
1,1,2019-10-23,26-310,SAC,@,PHO,L (-29),1,31:10,10,19,.526,6,12,.500,2,2,1.000,2,3,5,2,0,0,5,2,28,16.6,-15
2,2,2019-10-25,26-312,SAC,,POR,L (-10),1,31:39,7,18,.389,4,11,.364,3,3,1.000,1,4,5,1,0,0,3,3,21,9.6,-8
3,3,2019-10-26,26-313,SAC,@,UTA,L (-32),1,20:00,1,7,.143,1,3,.333,0,0,,0,2,2,0,0,0,1,0,3,-1.9,-29
4,4,2019-10-28,26-315,SAC,,DEN,L (-7),1,33:52,2,13,.154,1,6,.167,0,0,,1,3,4,4,1,2,5,5,5,-3.5,-11
5,5,2019-10-30,26-317,SAC,,CHO,L (-7),1,37:40,8,22,.364,7,16,.438,0,0,,0,1,1,4,2,0,2,4,23,12.3,-7
6,6,2019-11-01,26-319,SAC,,UTA,W (+1),1,29:45,9,16,.563,0,5,.000,0,0,,1,4,5,1,1,0,4,3,18,8.8,+9
7,7,2019-11-03,26-321,SAC,@,NYK,W (+21),1,30:29,8,16,.500,5,11,.455,1,3,.333,0,4,4,1,1,1,1,3,22,14.6,+26
8,8,2019-11-06,26-324,SAC,@,TOR,L (-4),1,31:40,7,16,.438,5,7,.714,2,2,1.000,1,7,8,0,1,1,2,2,21,14.3,-14
9,9,2019-11-08,26-326,SAC,@,ATL,W (+12),1,25:54,9,17,.529,3,8,.375,1,1,1.000,1,4,5,1,0,1,2,1,22,14.6,-4
10,10,2019-11-12,26-330,SAC,,POR,W (+8),1,37:00,7,21,.333,2,11,.182,4,4,1.000,1,3,4,1,0,0,3,2,20,6.6,+10
11,11,2019-11-15,26-333,SAC,@,LAL,L (-2),1,37:50,6,15,.400,6,14,.429,3,3,1.000,3,5,8,3,1,0,5,4,21,13.0,+2
12,12,2019-11-17,26-335,SAC,,BOS,W (+1),1,38:21,14,24,.583,7,12,.583,0,0,,1,5,6,2,4,1,3,1,35,28.7,+6
13,13,2019-11-19,26-337,SAC,,PHO,W (+4),1,28:40,3,14,.214,1,7,.143,5,6,.833,0,5,5,4,1,0,1,5,12,5.3,+9
14,14,2019-11-22,26-340,SAC,@,BRK,L (-19),1,32:13,6,15,.400,1,8,.125,3,3,1.000,0,1,1,5,0,0,4,3,16,6.5,-18
15,15,2019-11-24,26-342,SAC,@,WAS,W (+7),1,36:10,4,14,.286,3,7,.429,7,7,1.000,1,1,2,5,0,0,2,2,18,11.5,+2
16,16,2019-11-25,26-343,SAC,@,BOS,L (-1),1,41:55,15,26,.577,11,21,.524,0,1,.000,0,5,5,2,0,1,4,0,41,28.0,+2
17,17,2019-11-27,26-345,SAC,@,PHI,L (-6),1,37:03,9,24,.375,3,12,.250,1,1,1.000,2,4,6,4,0,0,3,3,22,10.0,-16
18,18,2019-11-30,26-348,SAC,,DEN,W (+3),1,40:28,7,20,.350,3,13,.231,4,5,.800,0,7,7,3,2,1,1,3,21,14.1,+11
19,19,2019-12-02,26-350,SAC,,CHI,L (-7),1,39:14,9,21,.429,3,13,.231,5,6,.833,0,5,5,4,1,0,1,4,26,17.2,-4
20,20,2019-12-04,26-352,SAC,@,POR,L (-11),1,40:20,8,24,.333,3,12,.250,4,6,.667,3,4,7,7,2,0,1,2,23,17.0,-7
21,21,2019-12-06,26-354,SAC,@,SAS,L (-1),1,39:05,10,27,.370,3,11,.273,0,0,,4,3,7,0,0,1,2,3,23,9.3,+3
22,22,2019-12-08,26-356,SAC,@,DAL,W (+4),1,34:20,10,15,.667,5,6,.833,1,1,1.000,0,4,4,5,0,0,0,2,26,23.4,+1
23,23,2019-12-09,26-357,SAC,@,HOU,W (+1),1,33:19,10,19,.526,6,13,.462,0,0,,0,4,4,3,2,0,4,3,26,16.8,+14
24,24,2019-12-11,26-359,SAC,,OKC,W (+1),1,37:03,9,24,.375,5,14,.357,0,0,,0,7,7,6,1,0,2,3,23,13.9,+9
25,25,2019-12-13,26-361,SAC,,NYK,L (-2),1,36:22,14,23,.609,6,13,.462,0,0,,4,8,12,3,0,0,3,3,34,26.6,+14
26,26,2019-12-15,26-363,SAC,@,GSW,W (+21),1,33:19,8,11,.727,2,5,.400,1,1,1.000,0,4,4,4,2,0,3,2,19,16.7,+21
27,27,2019-12-17,27-000,SAC,@,CHO,L (-8),1,29:29,5,13,.385,4,8,.500,0,0,,0,2,2,2,1,0,1,0,14,8.9,+1
28,28,2019-12-20,27-003,SAC,@,IND,L (-14),1,28:04,3,15,.200,1,9,.111,0,0,,2,5,7,6,1,0,1,5,7,2.8,-27
29,29,2019-12-21,27-004,SAC,@,MEM,L (-4),1,38:41,3,18,.167,2,11,.182,0,1,.000,0,6,6,1,1,0,4,3,8,-5.5,-1
30,30,2019-12-23,27-006,SAC,,HOU,L (-9),1,27:29,3,12,.250,1,8,.125,3,4,.750,0,3,3,4,0,0,1,1,10,4.7,-23
31,31,2019-12-26,27-009,SAC,,MIN,L (-1),1,36:44,6,20,.300,3,11,.273,2,2,1.000,0,4,4,1,1,0,2,1,17,5.9,+2
32,32,2019-12-28,27-011,SAC,,PHO,L (-2),1,37:18,8,17,.471,4,6,.667,3,5,.600,0,5,5,2,0,1,4,2,23,12.3,-3
33,33,2019-12-29,27-012,SAC,@,DEN,L (-5),1,35:35,8,18,.444,3,9,.333,1,2,.500,1,4,5,8,2,1,3,2,20,16.6,0
34,34,2019-12-31,27-014,SAC,,LAC,L (-18),1,36:52,7,17,.412,3,10,.300,3,3,1.000,1,5,6,5,0,0,3,4,20,12.0,-9
35,35,2020-01-02,27-016,SAC,,MEM,W (+5),1,33:36,8,17,.471,5,9,.556,5,6,.833,0,7,7,3,0,1,2,2,26,19.0,+1
36,36,2020-01-04,27-018,SAC,,NOP,L (-2),1,39:05,7,20,.350,4,7,.571,6,6,1.000,4,8,12,3,2,0,7,4,24,13.5,+4
37,37,2020-01-06,27-020,SAC,,GSW,W (+13),1,35:42,7,17,.412,4,10,.400,3,5,.600,1,1,2,5,1,0,2,4,21,13.0,+26
38,38,2020-01-07,27-021,SAC,@,PHO,W (+11),1,24:11,5,11,.455,4,7,.571,2,2,1.000,0,3,3,2,0,0,3,2,16,8.8,-25
39,39,2020-01-10,27-024,SAC,,MIL,L (-21),1,34:19,7,16,.438,2,7,.286,0,0,,1,4,5,4,0,0,3,2,16,8.5,-17
40,40,2020-01-13,27-027,SAC,,ORL,L (-2),1,37:49,7,13,.538,2,6,.333,0,0,,1,3,4,5,3,0,3,3,16,13.6,+7
41,41,2020-01-15,27-029,SAC,,DAL,L (-4),1,37:28,10,23,.435,3,11,.273,2,3,.667,0,3,3,2,0,0,3,2,25,11.0,-8
42,42,2020-01-18,27-032,SAC,@,UTA,L (-22),1,34:35,5,11,.455,2,7,.286,2,2,1.000,0,3,3,3,0,0,2,2,14,8.5,-31
43,43,2020-01-20,27-034,SAC,@,MIA,L (-5),1,42:36,7,19,.368,5,17,.294,1,1,1.000,2,5,7,7,3,2,2,4,20,18.1,+1
44,44,2020-01-22,27-036,SAC,@,DET,L (-21),1,28:53,6,16,.375,2,9,.222,0,1,.000,0,4,4,5,2,0,1,5,14,8.5,-13
45,45,2020-01-24,27-038,SAC,@,CHI,W (+17),0,22:53,7,12,.583,5,9,.556,2,2,1.000,1,7,8,1,0,1,2,2,21,16.8,+5
46,46,2020-01-27,27-041,SAC,@,MIN,W (+4),0,37:44,14,24,.583,9,14,.643,5,5,1.000,1,4,5,3,0,0,2,3,42,31.6,+19
47,47,2020-01-29,27-043,SAC,,OKC,L (-20),0,23:20,5,12,.417,3,10,.300,0,0,,1,1,2,2,0,0,2,1,13,6.6,-20
48,48,2020-01-30,27-044,SAC,@,LAC,W (+21),0,26:19,7,14,.500,5,11,.455,0,0,,3,4,7,1,1,0,1,1,19,15.6,+10
49,49,2020-02-01,27-046,SAC,,LAL,L (-16),0,29:33,8,16,.500,6,13,.462,0,0,,2,2,4,2,1,1,2,2,22,16.3,-10
50,50,2020-02-03,27-048,SAC,,MIN,W (+4),0,19:50,6,12,.500,2,5,.400,2,3,.667,0,2,2,3,1,0,2,2,16,10.5,-8
51,51,2020-02-07,27-052,SAC,,MIA,W (+8),0,35:42,7,16,.438,5,13,.385,2,2,1.000,0,7,7,5,0,0,2,4,21,14.6,-1
52,52,2020-02-08,27-053,SAC,,SAS,W (+20),0,31:54,11,17,.647,9,10,.900,0,0,,1,5,6,5,2,0,2,1,31,28.8,+33
53,53,2020-02-10,27-055,SAC,@,MIL,L (-12),0,32:37,6,12,.500,3,7,.429,0,0,,4,3,7,1,1,0,2,2,15,11.6,-8
54,54,2020-02-12,27-057,SAC,@,DAL,L (-19),0,31:25,8,21,.381,4,12,.333,2,2,1.000,0,1,1,9,1,0,2,1,22,15.7,-10
55,55,2020-02-20,27-065,SAC,,MEM,W (+4),0,26:45,5,12,.417,2,6,.333,8,8,1.000,0,3,3,4,3,0,0,1,20,19.9,+12
56,56,2020-02-22,27-067,SAC,@,LAC,W (+9),0,15:29,2,7,.286,1,2,.500,2,2,1.000,1,1,2,1,1,0,2,1,7,3.2,-12
57,57,2020-02-25,27-070,SAC,@,GSW,W (+18),0,25:20,6,15,.400,5,10,.500,2,2,1.000,0,6,6,2,1,0,0,0,19,15.1,+14
58,58,2020-02-27,27-072,SAC,@,OKC,L (-4),0,26:28,5,11,.455,5,9,.556,0,0,,1,0,1,2,2,1,4,4,15,8.5,+5
59,59,2020-02-28,27-073,SAC,@,MEM,W (+3),0,23:10,4,12,.333,2,8,.250,4,4,1.000,0,4,4,2,1,0,1,2,14,9.0,+8
60,60,2020-03-01,27-075,SAC,,DET,W (+6),0,25:07,7,17,.412,3,11,.273,2,2,1.000,0,6,6,2,0,0,3,0,19,10.1,+16
61,61,2020-03-03,27-077,SAC,,WAS,W (+7),0,23:17,6,16,.375,4,8,.500,1,1,1.000,1,4,5,4,0,0,0,1,17,12.5,+6
62,62,2020-03-05,27-079,SAC,,PHI,L (-17),0,25:17,8,16,.500,6,10,.600,0,0,,0,1,1,1,3,0,3,4,22,13.4,-5
63,63,2020-03-07,27-081,SAC,@,POR,W (+12),0,25:43,8,14,.571,6,9,.667,0,0,,1,2,3,3,2,0,2,1,22,18.4,-3
64,64,2020-03-08,27-082,SAC,,TOR,L (-5),0,23:39,4,12,.333,3,8,.375,0,0,,1,4,5,1,1,0,2,1,11,5.4,+7
65,65,2020-07-31,27-227,SAC,@,SAS,L (-9),0,19:31,2,13,.154,1,8,.125,1,3,.333,0,4,4,1,1,0,3,2,6,-4.0,-13
66,66,2020-08-02,27-229,SAC,@,ORL,L (-16),0,20:26,5,13,.385,2,7,.286,0,0,,0,2,2,5,1,0,3,1,12,6.6,-21
67,67,2020-08-04,27-231,SAC,,DAL,L (-4),0,30:34,8,20,.400,5,14,.357,0,0,,0,4,4,3,1,0,4,4,21,8.9,-8
68,68,2020-08-06,27-233,SAC,,NOP,W (+15),0,10:43,1,5,.200,1,4,.250,0,0,,0,1,1,0,1,0,0,1,3,0.8,-2
69,69,2020-08-07,27-234,SAC,@,BRK,L (-13),0,20:29,6,16,.375,3,10,.300,2,2,1.000,0,1,1,0,0,0,0,1,17,8.1,-9
70,70,2020-08-09,27-236,SAC,,HOU,L (-17),0,24:35,6,11,.545,4,9,.444,0,0,,0,3,3,2,0,0,3,2,16,9.2,-5
71,71,2020-08-11,27-238,SAC,,NOP,W (+6),0,18:35,4,5,.800,3,4,.750,0,0,,0,2,2,3,0,0,3,2,11,8.0,-9
72,72,2020-08-13,27-240,SAC,@,LAL,W (+14),0,26:20,10,17,.588,8,14,.571,0,0,,0,5,5,2,2,0,2,2,28,22.2,+12
1,1,2020-12-23,28-006,SAC,@,DEN,W (+2),1,41:07,7,15,.467,5,11,.455,3,3,1.000,1,3,4,3,1,0,3,5,22,14.0,-2
2,2,2020-12-26,28-009,SAC,,PHO,W (+3),1,34:41,4,14,.286,2,7,.286,4,6,.667,1,3,4,0,1,0,1,3,14,5.4,+1
3,3,2020-12-27,28-010,SAC,,PHO,L (-16),1,33:55,6,16,.375,3,9,.333,2,2,1.000,0,0,0,3,1,1,1,3,17,9.8,-18
4,4,2020-12-29,28-012,SAC,,DEN,W (+10),1,34:37,4,10,.400,3,7,.429,1,1,1.000,1,7,8,3,0,0,2,2,12,8.7,+8
5,5,2020-12-31,28-014,SAC,@,HOU,L (-3),1,37:47,7,18,.389,5,15,.333,0,0,,0,3,3,5,0,1,2,3,19,11.1,-9
6,6,2021-01-02,28-016,SAC,@,HOU,L (-8),1,37:31,6,17,.353,5,12,.417,0,0,,0,4,4,2,1,0,3,3,17,6.9,-3
7,7,2021-01-04,28-018,SAC,@,GSW,L (-31),1,29:59,3,12,.250,3,11,.273,1,2,.500,0,6,6,1,0,1,2,2,10,2.8,-21
8,8,2021-01-06,28-020,SAC,,CHI,W (+4),1,35:12,3,15,.200,2,9,.222,2,2,1.000,0,3,3,3,1,0,1,3,10,2.5,+7
9,9,2021-01-08,28-022,SAC,,TOR,L (-21),1,32:27,6,14,.429,3,9,.333,0,0,,0,5,5,6,1,0,1,3,15,12.1,-18
10,10,2021-01-09,28-023,SAC,,POR,L (-26),1,25:54,3,10,.300,2,8,.250,0,0,,0,5,5,1,0,1,2,2,8,2.3,-26
11,11,2021-01-11,28-025,SAC,,IND,W (+5),1,30:46,6,11,.545,6,11,.545,0,0,,0,4,4,3,1,0,2,3,18,13.8,0
12,12,2021-01-13,28-027,SAC,,POR,L (-6),1,38:16,9,21,.429,8,18,.444,0,0,,0,6,6,5,1,0,0,5,26,19.2,+3
13,13,2021-01-15,28-029,SAC,,LAC,L (-38),1,29:15,3,11,.273,2,9,.222,1,1,1.000,0,1,1,5,1,0,2,3,9,4.1,-26
14,14,2021-01-17,28-031,SAC,,NOP,L (-5),1,35:45,5,12,.417,5,11,.455,3,3,1.000,0,4,4,3,1,1,2,4,18,13.0,+13
15,15,2021-01-20,28-034,SAC,@,LAC,L (-19),1,28:41,5,12,.417,3,7,.429,0,0,,0,2,2,3,3,1,4,1,13,8.6,-12
16,16,2021-01-22,28-036,SAC,,NYK,W (+9),1,29:20,4,11,.364,3,6,.500,0,0,,0,6,6,2,1,0,2,3,11,5.9,+12
17,17,2021-01-27,28-041,SAC,@,ORL,W (+14),1,37:31,10,17,.588,7,12,.583,2,2,1.000,0,5,5,3,3,1,1,2,29,26.6,+16
18,18,2021-01-29,28-043,SAC,@,TOR,W (+2),1,39:37,7,12,.583,5,8,.625,3,3,1.000,1,2,3,2,1,1,2,1,22,18.4,+7
19,19,2021-01-30,28-044,SAC,@,MIA,L (-1),1,36:39,6,15,.400,6,13,.462,0,0,,0,5,5,3,3,0,4,3,18,11.3,+4
20,20,2021-02-01,28-046,SAC,@,NOP,W (+9),1,39:00,4,16,.250,4,15,.267,4,6,.667,1,7,8,3,0,0,1,3,16,8.3,+12
21,21,2021-02-03,28-048,SAC,,BOS,W (+5),1,38:10,5,16,.313,3,10,.300,2,2,1.000,1,9,10,0,1,0,2,3,15,7.0,+8
22,22,2021-02-06,28-051,SAC,,DEN,W (+5),1,39:05,1,11,.091,0,9,.000,3,4,.750,0,4,4,7,0,0,0,0,5,3.4,+1
23,23,2021-02-07,28-052,SAC,@,LAC,W (+3),1,38:00,7,18,.389,3,9,.333,5,5,1.000,1,8,9,2,0,0,3,1,22,13.3,+7
24,24,2021-02-09,28-054,SAC,,PHI,L (-8),1,37:51,7,20,.350,6,16,.375,1,1,1.000,0,8,8,4,0,1,3,5,21,10.7,-8
25,25,2021-02-12,28-057,SAC,,ORL,L (-11),1,33:17,7,15,.467,5,12,.417,0,0,,1,3,4,4,1,0,1,5,19,13.7,-19
26,26,2021-02-14,28-059,SAC,,MEM,L (-14),1,31:33,2,10,.200,1,8,.125,3,3,1.000,2,4,6,1,0,0,2,2,8,2.3,-11
27,27,2021-02-15,28-060,SAC,,BRK,L (-11),1,33:51,7,13,.538,6,9,.667,1,1,1.000,0,3,3,4,1,0,4,1,21,15.0,-15
28,28,2021-02-18,28-063,SAC,,MIA,L (-8),1,24:45,2,10,.200,1,8,.125,0,0,,0,0,0,3,1,1,2,2,5,-0.2,-10
29,29,2021-02-20,28-065,SAC,@,CHI,L (-8),1,35:29,10,21,.476,3,11,.273,0,0,,0,4,4,3,1,0,1,3,23,14.4,+2
30,30,2021-02-21,28-066,SAC,@,MIL,L (-13),1,30:50,3,13,.231,2,10,.200,5,6,.833,0,3,3,3,0,0,0,1,13,7.3,-10
31,31,2021-02-23,28-068,SAC,@,BRK,L (-9),1,36:34,3,9,.333,3,6,.500,2,2,1.000,0,5,5,4,1,1,2,1,11,9.5,-7
32,32,2021-02-25,28-070,SAC,@,NYK,L (-19),1,30:14,3,9,.333,2,7,.286,1,1,1.000,1,3,4,1,1,0,2,3,9,4.0,-22
33,33,2021-02-26,28-071,SAC,@,DET,W (+3),1,37:41,4,14,.286,3,9,.333,3,5,.600,0,2,2,3,0,0,1,3,14,5.5,+2
34,34,2021-02-28,28-073,SAC,,CHO,L (-1),1,38:49,10,17,.588,8,15,.533,2,3,.667,0,2,2,7,0,0,1,3,30,25.0,+12
35,35,2021-03-03,28-076,SAC,,LAL,W (+3),1,42:10,11,15,.733,7,11,.636,0,0,,1,5,6,6,1,0,0,3,29,29.1,+1
36,36,2021-03-04,28-077,SAC,@,POR,L (-4),1,37:02,8,17,.471,5,12,.417,0,0,,0,6,6,3,0,0,2,3,21,13.0,-5
37,37,2021-03-11,28-084,SAC,,HOU,W (+20),1,38:09,7,19,.368,5,13,.385,1,1,1.000,1,5,6,7,2,1,1,1,20,17.9,+14
38,38,2021-03-13,28-086,SAC,@,ATL,L (-15),1,36:48,4,16,.250,2,11,.182,0,0,,3,1,4,5,0,0,0,3,10,5.1,-15
39,39,2021-03-15,28-088,SAC,@,CHO,L (-6),1,36:49,8,14,.571,5,11,.455,2,2,1.000,0,6,6,3,2,0,2,1,23,19.9,+6
40,40,2021-03-17,28-090,SAC,@,WAS,W (+2),1,30:47,4,13,.308,3,9,.333,5,5,1.000,1,4,5,3,1,0,2,4,16,9.9,-1
41,41,2021-03-19,28-092,SAC,@,BOS,W (+11),1,38:00,8,15,.533,6,13,.462,0,0,,1,4,5,3,0,2,1,4,22,17.5,+10
42,42,2021-03-20,28-093,SAC,@,PHI,L (-24),1,34:07,9,17,.529,7,13,.538,0,0,,0,5,5,3,0,0,2,1,25,17.9,-19
43,43,2021-03-22,28-095,SAC,@,CLE,W (+14),1,38:11,7,17,.412,5,10,.500,0,1,.000,0,6,6,2,0,1,2,2,19,10.6,+19
44,44,2021-03-24,28-097,SAC,,ATL,W (+2),1,38:25,5,18,.278,4,13,.308,0,0,,0,3,3,3,0,0,3,3,14,2.2,-3
45,45,2021-03-25,28-098,SAC,,GSW,W (+22),1,29:49,6,11,.545,4,9,.444,0,0,,1,5,6,6,0,1,2,1,16,15.4,+12
46,46,2021-03-27,28-100,SAC,,CLE,W (+2),1,31:57,4,9,.444,2,7,.286,0,0,,0,3,3,1,1,0,2,2,10,5.1,+9
47,47,2021-03-29,28-102,SAC,@,SAS,W (+17),1,33:43,7,13,.538,5,9,.556,1,1,1.000,1,3,4,1,1,0,0,4,20,15.4,+13
48,48,2021-03-31,28-104,SAC,@,SAS,L (-14),1,31:08,5,18,.278,4,12,.333,0,0,,0,1,1,1,1,1,2,1,14,3.7,-12
49,49,2021-04-02,28-106,SAC,,LAL,L (-21),1,28:50,3,11,.273,1,9,.111,0,0,,0,6,6,3,3,0,0,4,7,5.8,-19
50,50,2021-04-03,28-107,SAC,,MIL,L (-1),1,31:48,7,12,.583,5,8,.625,0,0,,1,2,3,4,0,0,3,1,19,14.1,-2
51,51,2021-04-05,28-109,SAC,@,MIN,L (-10),1,32:22,6,17,.353,6,16,.375,0,0,,0,7,7,3,2,1,3,2,18,11.6,-2
52,52,2021-04-08,28-112,SAC,,DET,L (-12),1,32:55,5,13,.385,5,12,.417,0,0,,0,4,4,0,0,0,3,4,15,4.5,-7
53,53,2021-04-10,28-114,SAC,@,UTA,L (-16),1,33:56,7,17,.412,4,13,.308,1,2,.500,0,5,5,7,1,0,0,3,19,15.7,-2
54,,2021-04-12,28-116,SAC,@,NOP,L (-7),Inactive,Inactive,Inactive,Inactive,Inactive,Inactive,Inactive,Inactive,Inactive,Inactive,Inactive,Inactive,Inactive,Inactive,Inactive,Inactive,Inactive,Inactive,Inactive,Inactive,Inactive,Inactive
55,54,2021-04-14,28-118,SAC,,WAS,L (-12),1,35:42,6,13,.462,4,9,.444,3,3,1.000,0,3,3,2,1,2,3,3,19,12.8,+6
56,55,2021-04-15,28-119,SAC,@,PHO,L (-8),1,33:23,8,13,.615,5,10,.500,3,5,.600,0,4,4,2,1,0,2,2,24,18.1,-8
57,56,2021-04-18,28-122,SAC,@,DAL,W (+14),1,22:41,1,5,.200,0,4,.000,0,0,,0,3,3,1,2,1,0,0,2,3.2,+8
58,57,2021-04-20,28-124,SAC,,MIN,L (-14),1,29:33,3,11,.273,3,11,.273,2,2,1.000,0,4,4,2,1,1,2,2,11,6.0,-8
59,58,2021-04-21,28-125,SAC,,MIN,W (+3),1,38:09,11,16,.688,7,11,.636,0,0,,1,5,6,5,0,1,1,3,29,26.4,+13
60,59,2021-04-25,28-129,SAC,@,GSW,L (-4),1,36:35,9,13,.692,6,8,.750,1,1,1.000,1,5,6,3,1,0,1,5,25,21.8,-9
61,60,2021-04-26,28-130,SAC,,DAL,W (+7),1,30:37,5,12,.417,4,7,.571,2,2,1.000,0,5,5,5,1,0,2,2,16,12.8,+10
62,61,2021-04-28,28-132,SAC,,UTA,L (-49),1,30:38,6,12,.500,3,6,.500,3,3,1.000,0,5,5,7,2,3,2,2,18,19.7,-21
63,62,2021-04-30,28-134,SAC,@,LAL,W (+4),1,32:24,1,11,.091,0,5,.000,0,0,,2,4,6,7,2,0,1,1,2,2.8,+13
64,63,2021-05-02,28-136,SAC,@,DAL,W (+12),1,42:06,9,19,.474,6,10,.600,3,4,.750,0,6,6,3,0,1,4,4,27,15.9,+17
65,64,2021-05-04,28-138,SAC,@,OKC,W (+4),1,37:32,5,16,.313,5,13,.385,3,3,1.000,0,11,11,4,1,1,1,2,18,14.8,+11
66,65,2021-05-05,28-139,SAC,@,IND,W (+11),1,40:00,6,16,.375,4,11,.364,0,0,,0,8,8,8,2,0,3,2,16,13.4,+17
67,66,2021-05-07,28-141,SAC,,SAS,L (-9),1,38:54,5,14,.357,5,12,.417,2,2,1.000,0,5,5,6,2,0,6,2,17,10.1,-4
68,67,2021-05-09,28-143,SAC,,OKC,W (+28),1,28:53,5,11,.455,4,10,.400,0,0,,1,4,5,7,1,2,1,0,14,16.5,+30
69,68,2021-05-11,28-145,SAC,,OKC,W (+16),1,30:36,8,15,.533,5,11,.455,0,0,,0,3,3,6,1,0,4,4,21,14.2,+17
70,69,2021-05-13,28-147,SAC,@,MEM,L (-6),1,34:39,6,17,.353,4,10,.400,0,0,,1,3,4,6,1,0,2,2,16,10.5,-4
71,70,2021-05-14,28-148,SAC,@,MEM,L (-1),1,28:44,4,9,.444,3,8,.375,0,0,,1,1,2,5,0,0,2,2,11,8.0,-3
72,71,2021-05-16,28-150,SAC,,UTA,L (-22),1,30:43,5,12,.417,1,7,.143,2,3,.667,1,6,7,9,1,0,1,0,13,15.0,-16
1,1,2021-10-20,28-307,SAC,@,POR,W (+3),0,30:52,5,9,.556,4,7,.571,3,4,.750,0,6,6,2,0,0,0,2,17,14.7,+5
2,2,2021-10-22,28-309,SAC,,UTA,L (-9),0,26:03,9,21,.429,6,15,.400,0,0,,2,5,7,1,0,0,4,2,24,11.7,0
3,3,2021-10-24,28-311,SAC,,GSW,L (-12),0,25:03,2,11,.182,2,10,.200,0,0,,1,3,4,3,0,0,2,3,6,-0.4,-12
4,4,2021-10-27,28-314,SAC,@,PHO,W (+3),0,27:26,8,17,.471,7,11,.636,3,3,1.000,0,5,5,1,2,2,4,2,26,18.1,+3
5,5,2021-10-29,28-316,SAC,@,NOP,W (+4),0,29:40,6,11,.545,3,7,.429,5,5,1.000,0,6,6,1,2,0,2,4,20,15.6,+4
6,6,2021-10-31,28-318,SAC,@,DAL,L (-6),0,30:14,4,13,.308,3,12,.250,0,0,,1,7,8,1,1,0,3,2,11,4.2,+2
7,7,2021-11-02,28-320,SAC,@,UTA,L (-6),0,30:20,6,10,.600,5,7,.714,2,2,1.000,1,4,5,3,1,0,0,4,19,17.8,+2
8,8,2021-11-03,28-321,SAC,,NOP,W (+13),0,22:57,4,13,.308,2,10,.200,1,2,.500,2,3,5,0,1,0,0,0,11,6.4,+12
9,9,2021-11-05,28-323,SAC,,CHO,W (+30),0,30:03,9,18,.500,8,17,.471,0,0,,0,3,3,4,0,0,2,3,26,17.5,+15
10,10,2021-11-07,28-325,SAC,,IND,L (-3),0,31:53,6,16,.375,5,12,.417,0,0,,2,2,4,2,3,1,2,3,17,12.1,+9
11,11,2021-11-08,28-326,SAC,,PHO,L (-5),1,30:23,5,16,.313,3,11,.273,1,2,.500,1,5,6,2,0,1,2,1,14,6.3,-22
12,12,2021-11-10,28-328,SAC,@,SAS,L (-19),1,34:29,5,14,.357,2,9,.222,0,0,,0,1,1,2,1,0,1,4,12,4.3,-9
13,13,2021-11-12,28-330,SAC,@,OKC,L (-2),0,25:04,5,12,.417,4,9,.444,0,0,,0,1,1,5,0,0,1,2,14,9.6,+1
14,14,2021-11-15,28-333,SAC,@,DET,W (+22),0,24:17,8,14,.571,6,10,.600,0,0,,1,1,2,2,1,0,2,0,22,16.8,+11
15,15,2021-11-17,28-335,SAC,@,MIN,L (-10),0,29:28,5,17,.294,5,14,.357,1,2,.500,1,2,3,2,0,0,0,1,16,8.0,+2
16,16,2021-11-19,28-337,SAC,,TOR,L (-19),0,25:18,3,13,.231,3,12,.250,1,2,.500,1,0,1,2,0,0,1,2,10,2.0,-12
17,17,2021-11-20,28-338,SAC,,UTA,L (-18),0,30:15,6,13,.462,3,8,.375,1,1,1.000,0,3,3,3,0,0,2,1,16,9.9,-16
18,18,2021-11-22,28-340,SAC,,PHI,L (-8),0,31:10,7,16,.438,5,11,.455,2,2,1.000,1,8,9,2,0,0,2,2,21,14.3,-9
19,19,2021-11-24,28-342,SAC,,POR,W (+4),0,29:45,6,15,.400,5,11,.455,5,6,.833,0,4,4,0,0,1,3,0,22,12.4,+2
20,20,2021-11-26,28-344,SAC,@,LAL,W (+4),0,40:17,8,21,.381,3,13,.231,6,7,.857,1,3,4,6,2,0,0,4,25,19.3,+10
21,21,2021-11-28,28-346,SAC,@,MEM,L (-27),0,29:19,5,17,.294,1,9,.111,3,3,1.000,1,5,6,1,0,0,0,2,14,6.2,-25
22,22,2021-11-30,28-348,SAC,,LAL,L (-25),0,32:12,1,7,.143,1,6,.167,2,3,.667,0,2,2,5,0,0,1,2,5,2.4,-21
23,23,2021-12-01,28-349,SAC,@,LAC,W (+9),0,21:46,2,7,.286,0,3,.000,0,0,,2,2,4,2,0,0,3,2,4,-0.5,-1
24,24,2021-12-04,28-352,SAC,,LAC,W (+5),0,19:36,2,6,.333,1,5,.200,5,5,1.000,0,3,3,2,2,1,2,3,10,8.4,+4
25,25,2021-12-08,28-356,SAC,,ORL,W (+12),0,17:31,2,13,.154,1,10,.100,0,0,,0,1,1,1,0,0,0,1,5,-2.7,+4
26,26,2021-12-10,28-358,SAC,@,CHO,L (-1),0,31:22,6,19,.316,2,10,.200,1,1,1.000,1,5,6,1,2,0,1,1,15,7.6,-2
27,27,2021-12-11,28-359,SAC,@,CLE,L (-14),0,27:48,7,13,.538,4,10,.400,3,3,1.000,1,4,5,0,2,2,3,2,21,16.2,+11
28,28,2021-12-13,28-361,SAC,@,TOR,L (-23),0,27:05,5,13,.385,4,11,.364,0,0,,1,0,1,3,1,0,2,1,14,8.3,-12
29,29,2021-12-15,28-363,SAC,,WAS,W (+14),0,28:34,4,10,.400,4,7,.571,3,3,1.000,0,1,1,1,1,0,1,2,15,9.8,+11
30,30,2021-12-17,29-000,SAC,,MEM,L (-19),1,36:49,5,10,.500,4,6,.667,1,1,1.000,0,1,1,1,3,0,3,4,15,9.4,-11
31,31,2021-12-19,29-002,SAC,,SAS,W (+7),1,39:31,10,18,.556,7,9,.778,2,2,1.000,1,2,3,4,1,0,1,2,29,23.7,-1
32,32,2021-12-20,29-003,SAC,@,GSW,L (-15),1,39:54,6,15,.400,6,13,.462,0,0,,0,5,5,2,4,0,5,3,18,10.6,-13
33,33,2021-12-22,29-005,SAC,,LAC,L (-16),1,43:20,5,22,.227,5,18,.278,1,2,.500,3,3,6,3,1,2,0,3,16,8.5,-9
34,34,2021-12-26,29-009,SAC,,MEM,L (-25),0,23:53,0,3,.000,0,2,.000,2,2,1.000,0,2,2,1,0,0,1,1,2,-0.2,-17
35,35,2021-12-28,29-011,SAC,,OKC,W (+6),0,25:24,7,14,.500,3,7,.429,4,4,1.000,1,1,2,0,0,1,1,3,21,13.5,+13
36,36,2021-12-29,29-012,SAC,,DAL,W (+1),0,22:47,1,5,.200,1,4,.250,0,0,,0,1,1,1,0,0,2,1,3,-1.5,-4
37,37,2021-12-31,29-014,SAC,,DAL,L (-16),0,25:48,3,7,.429,1,4,.250,1,1,1.000,0,0,0,3,1,0,2,0,8,5.4,-15
38,38,2022-01-02,29-016,SAC,,MIA,W (+2),0,33:18,9,18,.500,7,14,.500,1,1,1.000,0,6,6,3,0,0,1,2,26,19.1,+7
39,39,2022-01-04,29-018,SAC,@,LAL,L (-8),0,32:38,8,18,.444,7,13,.538,3,3,1.000,1,4,5,2,1,1,0,1,26,21.2,-4
40,40,2022-01-05,29-019,SAC,,ATL,L (-6),0,28:39,3,8,.375,2,5,.400,3,4,.750,0,6,6,1,0,0,1,4,11,6.1,-2
41,41,2022-01-07,29-021,SAC,@,DEN,L (-10),0,27:20,2,9,.222,2,7,.286,1,1,1.000,0,2,2,2,2,1,2,0,7,4.2,-11
42,42,2022-01-09,29-023,SAC,@,POR,L (-15),0,29:02,4,13,.308,2,8,.250,0,0,,1,6,7,2,2,0,2,3,10,5.2,-15
43,43,2022-01-10,29-024,SAC,,CLE,L (-1),0,27:16,7,11,.636,5,8,.625,0,0,,0,3,3,3,2,1,0,2,19,19.0,+2
44,44,2022-01-12,29-026,SAC,,LAL,W (+9),0,28:51,4,8,.500,2,5,.400,0,0,,1,3,4,1,0,0,1,2,10,6.5,-1
45,45,2022-01-14,29-028,SAC,,HOU,W (+12),0,32:06,5,13,.385,4,10,.400,5,6,.833,1,5,6,1,1,0,0,2,19,14.6,+12
46,46,2022-01-16,29-030,SAC,,HOU,L (-6),0,29:53,9,16,.563,5,9,.556,4,5,.800,0,5,5,2,4,0,3,3,27,21.7,0
47,47,2022-01-19,29-033,SAC,,DET,L (-2),0,19:16,0,2,.000,0,2,.000,2,2,1.000,1,0,1,2,0,0,2,2,2,-0.1,-13
48,48,2022-01-22,29-036,SAC,@,MIL,L (-6),0,28:45,2,11,.182,2,7,.286,0,0,,3,5,8,2,0,0,1,3,6,1.9,+4
49,49,2022-01-25,29-039,SAC,@,BOS,L (-53),0,24:02,4,14,.286,3,9,.333,0,0,,2,3,5,1,1,0,2,2,11,4.0,-11
50,50,2022-01-26,29-040,SAC,@,ATL,L (-17),0,30:19,3,12,.250,1,8,.125,1,1,1.000,3,5,8,4,0,0,3,4,8,2.6,-12
51,51,2022-01-29,29-043,SAC,@,PHI,L (-2),0,23:29,1,8,.125,0,7,.000,0,0,,2,6,8,3,1,0,3,2,2,-0.7,+1
52,52,2022-01-31,29-045,SAC,@,NYK,L (-20),0,27:30,4,13,.308,3,12,.250,0,0,,0,5,5,0,1,1,2,2,11,3.9,-18
53,53,2022-02-02,29-047,SAC,,BRK,W (+11),0,27:15,7,16,.438,3,9,.333,1,1,1.000,1,0,1,0,0,0,2,0,18,8.3,+12
54,54,2022-02-03,29-048,SAC,@,GSW,L (-12),0,26:30,2,8,.250,2,6,.333,0,0,,0,2,2,1,0,0,1,2,6,0.7,-11
55,55,2022-02-05,29-050,SAC,,OKC,W (+10),0,20:09,3,6,.500,3,6,.500,0,0,,1,2,3,0,1,0,3,2,9,4.5,+3
56,,2022-02-08,29-053,SAC,,MIN,L (-20),Inactive,Inactive,Inactive,Inactive,Inactive,Inactive,Inactive,Inactive,Inactive,Inactive,Inactive,Inactive,Inactive,Inactive,Inactive,Inactive,Inactive,Inactive,Inactive,Inactive,Inactive,Inactive
57,56,2022-02-11,29-056,IND,,CLE,L (-7),1,39:44,6,17,.353,4,10,.400,0,1,.000,1,8,9,8,0,0,1,4,16,12.2,+1
58,57,2022-02-13,29-058,IND,,MIN,L (-9),1,39:59,6,19,.316,1,13,.077,0,0,,2,6,8,1,1,1,2,3,13,4.5,+8
59,58,2022-02-15,29-060,IND,@,MIL,L (-9),1,37:01,14,20,.700,8,12,.667,0,0,,0,2,2,4,1,0,3,2,36,28.2,+1
60,59,2022-02-16,29-061,IND,,WAS,W (+5),1,39:29,5,12,.417,1,5,.200,4,4,1.000,0,5,5,7,0,1,1,1,15,14.3,+12
61,60,2022-02-25,29-070,IND,,OKC,L (-4),1,42:50,12,21,.571,5,9,.556,0,0,,0,7,7,5,1,1,3,3,29,22.2,+9
62,61,2022-02-27,29-072,IND,,BOS,W (+21),1,38:10,8,15,.533,2,7,.286,3,3,1.000,0,6,6,4,2,0,2,3,21,17.1,+15
63,62,2022-02-28,29-073,IND,@,ORL,L (-16),1,34:01,7,13,.538,3,6,.500,1,1,1.000,0,1,1,6,0,0,0,1,18,15.8,-20
64,63,2022-03-02,29-075,IND,@,ORL,W (+8),1,44:03,6,17,.353,4,12,.333,1,1,1.000,2,4,6,3,2,0,5,3,17,8.0,+5
65,64,2022-03-04,29-077,IND,@,DET,L (-5),1,38:12,7,20,.350,1,10,.100,1,1,1.000,2,5,7,9,1,0,3,1,16,11.6,+7
66,65,2022-03-06,29-079,IND,@,WAS,L (-10),1,39:35,8,17,.471,2,7,.286,1,1,1.000,0,8,8,7,0,0,1,4,19,15.0,-12
67,66,2022-03-08,29-081,IND,,CLE,L (-3),1,38:11,5,6,.833,4,4,1.000,0,0,,0,2,2,8,1,1,3,3,14,15.5,+1
68,67,2022-03-12,29-085,IND,@,SAS,W (+11),1,35:35,7,18,.389,3,12,.250,0,0,,0,5,5,6,1,0,3,2,17,10.1,+25
69,68,2022-03-13,29-086,IND,@,ATL,L (-3),1,39:25,9,20,.450,2,7,.286,5,6,.833,0,4,4,5,1,0,2,5,25,15.9,+4
70,69,2022-03-15,29-088,IND,,MEM,L (-33),1,27:03,6,13,.462,0,2,.000,2,2,1.000,2,5,7,2,1,0,3,4,14,8.0,-22
71,70,2022-03-18,29-091,IND,@,HOU,W (+3),1,29:10,4,20,.200,3,12,.250,4,5,.800,2,3,5,3,0,0,4,4,15,1.0,+7
72,71,2022-03-20,29-093,IND,,POR,W (+31),1,19:55,2,9,.222,2,9,.222,3,3,1.000,0,3,3,2,2,0,0,3,9,6.6,+13
73,72,2022-03-23,29-096,IND,,SAC,L (-1),1,37:06,10,18,.556,5,8,.625,0,0,,1,2,3,7,4,1,4,1,25,22.9,-1
74,73,2022-03-24,29-097,IND,@,MEM,L (-30),1,26:58,5,12,.417,1,2,.500,0,0,,1,4,5,2,1,2,1,0,11,9.3,-10
75,74,2022-03-26,29-099,IND,@,TOR,L (-40),1,32:07,5,12,.417,4,8,.500,0,0,,1,2,3,3,0,0,1,2,14,9.2,-24
76,75,2022-03-28,29-101,IND,,ATL,L (-9),1,38:27,10,15,.667,5,7,.714,1,2,.500,1,3,4,5,1,1,3,3,26,21.7,-1
77,76,2022-03-30,29-103,IND,,DEN,L (-7),1,36:53,7,14,.500,5,11,.455,1,1,1.000,1,1,2,4,0,0,2,3,20,13.6,-5
78,77,2022-04-01,29-105,IND,@,BOS,L (-5),1,36:51,2,10,.200,2,7,.286,0,0,,3,2,5,7,1,0,5,4,6,1.8,-1
79,78,2022-04-03,29-107,IND,,DET,L (-4),1,32:07,8,17,.471,3,12,.250,0,0,,0,9,9,4,0,1,4,5,19,10.5,-11
80,79,2022-04-05,29-109,IND,,PHI,L (-9),1,38:04,11,19,.579,3,10,.300,0,0,,3,8,11,5,1,1,2,2,25,23.0,-5
81,80,2022-04-09,29-113,IND,@,PHI,L (-13),1,27:57,3,8,.375,2,5,.400,4,4,1.000,1,1,2,1,0,0,3,2,12,5.5,-13
82,81,2022-04-10,29-114,IND,@,BRK,L (-8),1,35:53,8,23,.348,5,14,.357,0,0,,0,3,3,6,3,0,2,3,21,13.0,0